,dupe
0,120 DICKINSON ST
1,307-09 REED ST
2,1332 S 3RD ST
3,619 MOORE ST
4,1828 S 10TH ST
5,116R CARPENTER ST
6,136 CARPENTER ST
7,212 CARPENTER ST
8,808 CARPENTER ST
9,139 CARPENTER ST
10,819 CARPENTER ST
11,800 MONTROSE ST
12,808 MONTROSE ST
13,232R CHRISTIAN ST
14,524 CHRISTIAN ST
15,526 CHRISTIAN ST
16,604 CHRISTIAN ST
17,812 CHRISTIAN ST
18,914 S 5TH ST
19,1023 E MOYAMENSING AVE
20,1201 LATONA ST
21,925 S 02ND ST
22,115-17 TITAN ST
23,932 ELLSWORTH ST
24,229 MANTON ST
25,112 CHRISTIAN ST
26,301 CATHARINE ST
27,418 FITZWATER ST
28,420 FITZWATER ST
29,124 CATHARINE ST
30,228-30 CATHARINE ST
31,228 CATHARINE ST
32,506 CLYMER ST
33,508 CLYMER ST
34,229 FULTON ST
35,1200 S CLARION ST
36,1202 S CLARION ST
37,129 CATHARINE ST
38,1204-10 S 12TH ST
39,1 QUEEN ST
40,920 S 6TH ST
41,634 BAINBRIDGE ST
42,810 S 12TH ST
43,739 S 13TH ST
44,329 KATER ST
45,233R BAINBRIDGE ST
46,235R BAINBRIDGE ST
47,742R S DARIEN ST
48,801 S WARNOCK ST
49,744R S DARIEN ST
50,758 S DARIEN ST
51,412 BAINBRIDGE ST
52,763 S 12TH ST
53,773 S 12TH ST
54,802 S 12TH ST
55,804R S 6TH ST
56,802R S 6TH ST
57,12 QUEEN ST
58,230 QUEEN ST
59,232 QUEEN ST
60,334 QUEEN ST
61,770 S FRONT ST
62,745 S 5TH ST
63,745R S 5TH ST
64,772 S FRONT ST
65,778 S FRONT ST
66,1 CHRISTIAN ST
67,830 S 2ND ST
68,777R S 3RD ST
69,622 S 11TH ST
70,624 S 11TH ST
71,626 S 11TH ST
72,628 S 11TH ST
73,630 S 11TH ST
74,1107 BAINBRIDGE ST
75,1109 BAINBRIDGE ST
76,1136 BAINBRIDGE ST
77,1138 BAINBRIDGE ST
78,725R-27 PEMBERTON ST
79,708 S PERTH ST
80,620 S 11TH ST
81,636 BAINBRIDGE ST
82,419 FITZWATER ST
83,421 FITZWATER ST
84,708 S 2ND ST
85,617 S 7TH ST
86,525R FITZWATER ST
87,746R S 2ND ST
88,740 S CHRIS COLUMBUS BLVD
89,715 S PHILIP ST
90,721 S PHILIP ST
91,617 S AMERICAN ST
92,619 S AMERICAN ST
93,621 S AMERICAN ST
94,224 MONROE ST
95,623 S AMERICAN ST
96,723 S AMERICAN ST
97,740 S CHRIS COLUMBUS BLV
98,718 S AMERICAN ST
99,720 S AMERICAN ST
100,722 S AMERICAN ST
101,724 S AMERICAN ST
102,1134 SOUTH ST
103,1136 SOUTH ST
104,1138 SOUTH ST
105,1140 SOUTH ST
106,1100 KATER ST
107,1142 SOUTH ST
108,1144 SOUTH ST
109,1146 SOUTH ST
110,1236R SOUTH ST
111,709 KATER ST
112,813 KATER ST
113,815 KATER ST
114,316 S 2ND ST
115,10 APPLETREE CT
116,11 APPLETREE CT
117,12 APPLETREE CT
118,13 APPLETREE CT
119,718 ADDISON ST
120,417 GASKILL ST
121,117-31 QUARRY ST
122,230 RACE ST
123,240 RACE ST
124,1215 WAVERLY WALK
125,826 LOMBARD ST
126,828 LOMBARD ST
127,830 LOMBARD ST
128,113R SOUTH ST
129,1136R WAVERLY ST
130,1134R WAVERLY ST
131,151-59 N 2ND ST
132,1206 PANAMA ST
133,151R-59 N 2ND ST
134,819 LOMBARD ST
135,48 N 03RD ST
136,1 APPLETREE CT
137,2 APPLETREE CT
138,1026 PINE ST
139,3 APPLETREE CT
140,4 APPLETREE CT
141,5 APPLETREE CT
142,6 APPLETREE CT
143,7 APPLETREE CT
144,8 APPLETREE CT
145,9 APPLETREE CT
146,514 RANDOLPH CT
147,518 RANDOLPH CT
148,243 DELANCEY ST
149,520 LOMBARD ST
150,524 LOMBARD ST
151,502 1/2 DELANCEY ST
152,304-06 LOMBARD ST
153,516 S 4TH ST
154,515 LOMBARD ST
155,513 RANDOLPH CT
156,517 RANDOLPH CT
157,521 RANDOLPH CT
158,702-12 N FRONT ST
159,817 N HANCOCK ST
160,800 N HANCOCK ST
161,444-48 FAIRMOUNT AVE
162,824-36 N AMERICAN ST
163,430 POPLAR ST
164,211 BROWN ST
165,227 BROWN ST
166,845 N ORIANNA ST
167,231 BROWN ST
168,233 BROWN ST
169,320 BROWN ST
170,903A WOOD ST
171,322 BROWN ST
172,707 N 3RD ST
173,837 N 03RD ST
174,608 N GALLOWAY ST
175,301 BROWN ST
176,303 BROWN ST
177,826-28 N 3RD ST
178,832-34 N 3RD ST
179,501 S 12TH ST
180,503 S 12TH ST
181,1006 WINTER ST
182,1008 WINTER ST
183,1012 WINTER ST
184,1014 WINTER ST
185,239 S HUTCHINSON ST
186,243-49 S HUTCHINSON ST
187,1015 SPRING ST
188,1021 SPRING ST
189,1023 SPRING ST
190,1025 SPRING ST
191,801 SOUTH ST
192,910 SPRING ST
193,912 SPRING ST
194,916 SPRING ST
195,918 SPRING ST
196,412 N FRONT ST
197,908 LOCUST ST
198,912 LOCUST ST
199,416 S HUTCHINSON ST
200,421 S 10TH ST
201,505 S 10TH ST
202,515 S 10TH ST
203,203 S JESSUP ST
204,1114 N 4TH ST
205,919 N 5TH ST
206,922 N 5TH ST
207,1003 N ORIANNA ST
208,944 N ORIANNA ST
209,1025 N LAWRENCE ST
210,1005 N 4TH ST
211,74-82 LAUREL ST
212,948 N LAWRENCE ST
213,956 N LAWRENCE ST
214,966 N LAWRENCE ST
215,920 N 4TH ST
216,204-06 LAUREL ST
217,968 N LAWRENCE ST
218,914 N RANDOLPH ST
219,714 N 04TH ST
220,634 N 05TH ST
221,850 N 4TH ST
222,933-37 N FRONT ST
223,936 N HANCOCK ST
224,916-24 N AMERICAN ST
225,877 N 5TH ST
226,829-33 N LAWRENCE ST
227,919 N FRONT ST
228,1102-22 N AMERICAN ST
229,1124-34 N AMERICAN ST
230,927-31 N FRONT ST
231,871 N LAWRENCE ST
232,1128 N FRONT ST
233,1130 N FRONT ST
234,300 N 8TH ST
235,304 N 08TH ST
236,304 N 8TH ST
237,308 N 8TH ST
238,311 N 9TH ST
239,313 N 9TH ST
240,1121 N HOWARD ST
241,602 N 05TH ST
242,604 N 05TH ST
243,924-28 NEW MARKET ST
244,426 N 40TH ST
245,4136 WESTMINSTER AVE
246,3142 D ST
247,3349 PALETHORP ST
248,116 W WESTMORELAND ST
249,3519 A ST
250,2411 DELANCEY PL
251,1727 DELANCEY PL
252,135-41 N 22ND ST
253,143 N 22ND ST
254,206-12 N 22ND ST
255,2203 RACE ST
256,2213-25 RACE ST
257,614 N 16TH ST
258,636 N 16TH ST
259,212R N 21ST ST
260,102 N VAN PELT ST
261,104 N VAN PELT ST
262,106 N VAN PELT ST
263,404 S CROSKEY ST
264,406 S CROSKEY ST
265,408 S CROSKEY ST
266,249 S 24TH ST
267,1830R-32 MANNING ST
268,222R S BONSALL ST
269,406R S 21ST ST
270,8845 NORWOOD AVE
271,8849 NORWOOD AVE
272,15 W SPRINGFIELD AVE
273,709 ST GEORGES RD
274,4 DRUIM MOIR LN
275,329 W MOUNT PLEASANT AVE
276,1194 E UPSAL ST
277,1196 E UPSAL ST
278,1198 1/2 E UPSAL ST
279,301 ELWOOD ST
280,4977 SHELDON ST
281,4979 SHELDON ST
282,5388R-90 MAGNOLIA ST
283,421 W SCHOOL HOUSE LN
284,5351 WISSAHICKON AVE
285,5430 LAURENS ST
286,615 N 10TH ST
287,1220 N 07TH ST
288,1222 N 07TH ST
289,4616R PULASKI AVE
290,831 N 15TH ST
291,837 N UBER ST
292,1000 MOUNT VERNON ST
293,1139 CLAY ST
294,2415 ASPEN ST
295,801 CAMERON ST
296,1701 NORTH ST
297,2019 GREEN ST
298,2217-21 GREEN ST
299,2819 PARRISH ST
300,2821 PARRISH ST
301,2326 N CARLISLE ST
302,2822 OGDEN ST
303,4923R-47 N 16TH ST
304,1114 SHACKAMAXON ST
305,1124 SHACKAMAXON ST
306,1130 SHACKAMAXON ST
307,1108 DAY ST
308,1037 CREASE ST
309,1121 CREASE ST
310,1212 E SUSQUEHANNA AVE
311,1415R E HEWSON ST
312,1120 E SUSQUEHANNA AVE
313,1241 CREASE ST
314,1243 CREASE ST
315,1126 E PALMER ST
316,1232 MASCHER ST
317,1417 HOPE ST
318,1419 HOPE ST
319,1326 MASCHER ST
320,1336 MASCHER ST
321,159 E ALLEN ST
322,165 E ALLEN ST
323,518 E CABOT ST
324,433 SALMON ST
325,412-24 MOYER ST
326,1306 N 3RD ST
327,1310 HOPE ST
328,1316 GERMANTOWN AVE
329,333 HERMITAGE ST
330,335 HERMITAGE ST
331,401 SEVILLE ST
332,403 SEVILLE ST
333,405 SEVILLE ST
334,407 SEVILLE ST
335,409 SEVILLE ST
336,411 SEVILLE ST
337,413 SEVILLE ST
338,337 HERMITAGE ST
339,339 HERMITAGE ST
340,341 HERMITAGE ST
341,4720 FOWLER ST
342,4713 FOWLER ST
343,4122 TERRACE ST
344,4124 TERRACE ST
345,4126 TERRACE ST
346,4128 TERRACE ST
347,305 RIPKA ST
348,4160 TERRACE ST
349,4323 FLEMING ST
350,315 RIPKA ST
351,274 HERMITAGE ST
352,4718 SHELDON ST
353,318 HERMITAGE ST
354,4731 SHELDON ST
355,149 GREEN LN
356,142 WRIGHT ST
357,4780 MANAYUNK AVE
358,363 LEVERINGTON AVE
359,306 RIPKA ST
360,308 RIPKA ST
361,310 RIPKA ST
362,312 RIPKA ST
363,314 RIPKA ST
364,318 RIPKA ST
365,320 RIPKA ST
366,322 RIPKA ST
367,324 RIPKA ST
368,326 RIPKA ST
369,302 LEVERINGTON AVE
370,4335 BOONE ST
371,4229 TERRACE ST
372,4231 TERRACE ST
373,4503 SMICK ST
374,281 HERMITAGE ST
375,283 FOUNTAIN ST
376,4615 SILVERWOOD ST
377,291 1/2 HERMITAGE ST
378,4632 CANTON ST
379,1530 N 10TH ST
380,1538 N 10TH ST
381,1643 1/2 N MARSHALL ST
382,155 WENDOVER ST
383,114 DAWSON ST
384,1529 N 11TH ST
385,1537 N 11TH ST
386,112 SEVILLE ST
387,153 EAST ST
388,143 W YORK ST
389,2946 N 2ND ST
390,24 E SHARPNACK ST
391,555 PARKER AVE
392,557 PARKER AVE
393,9001 RIDGE AVE
394,800 SEFFERT ST
395,538 LEVERINGTON AVE
396,554 LEVERINGTON AVE
397,7398 VALLEY AVE
398,7015 RIDGE AVE
399,7033 RIDGE AVE
400,621 DUPONT ST
401,635 DUPONT ST
402,7828 EVA ST
403,639R DUPONT ST
404,562 DUPONT ST
405,556 RECTOR ST
406,203 ROCK ST
407,6818 PECHIN ST
408,6900 PECHIN ST
409,618 PARK LN
410,542 ROXBOROUGH AVE
411,8816 RIDGE AVE
412,525 WALNUT LN
413,5827 HENRY AVE
414,5829 HENRY AVE
415,535 DUPONT ST
416,6713 MITCHELL ST
417,240 LAURISTON ST
418,537 WALNUT LN
419,8524 HAGYS MILL RD
420,8520R HAGYS MILL RD
421,250 LAURISTON ST
422,4040R PECHIN ST
423,4042R PECHIN ST
424,456 PARKER AVE
425,4044R PECHIN ST
426,353 DELMAR ST
427,371 DELMAR ST
428,404 LEMONTE ST
429,286 PARKER AVE
430,7868 NIXON ST
431,100 PARKER AVE
432,2 RIVER RD
433,368 LYCEUM AVE
434,406 LEVERINGTON AVE
435,356 FLAMINGO ST
436,3 1/2 RIVER RD
437,6 1/2 RIVER RD
438,8 RIVER RD
439,21 RIVER RD
440,365 SHURS LN
441,288 DELMAR ST
442,493 HARMON RD
443,24 RIVER RD
444,443 SHURS LA
445,366 CINNAMINSON ST
446,160 FOUNTAIN ST
447,202 FOUNTAIN ST
448,204 FOUNTAIN ST
449,206 FOUNTAIN ST
450,16 SHAWMONT AVE
451,362 RIPKA ST
452,244 FOUNTAIN ST
453,246 FOUNTAIN ST
454,248 FOUNTAIN ST
455,368 RIPKA ST
456,4825 OGLE ST
457,4843 OGLE ST
458,419 GREEN LN
459,364 LIVEZEY ST
460,474 ORIOLE ST
461,4131 LAURISTON ST
462,417 LEMONTE ST
463,469 FLAMINGO ST
464,411 N 32ND ST
465,413 N 32ND ST
466,1241R-49 ORTHODOX ST
467,6502 LINCOLN DR
468,203 SLOCUM ST
469,421 SLOCUM ST
470,109 E GORGAS LN
471,3046 CHATHAM ST
472,2517 E CAMBRIA ST
473,751 N 40TH ST
474,4215 CHESTNUT ST
475,4217 CHESTNUT ST
476,2426 S 22ND ST
477,704 S COLORADO ST
478,1708 BAINBRIDGE ST
479,1710 BAINBRIDGE ST
480,1712 BAINBRIDGE ST
481,1714 BAINBRIDGE ST
482,706 S COLORADO ST
483,708 S COLORADO ST
484,710 S COLORADO ST
485,712 S COLORADO ST
486,714 S COLORADO ST
487,716 S COLORADO ST
488,1716 BAINBRIDGE ST
489,1718 BAINBRIDGE ST
490,1720 BAINBRIDGE ST
491,1722 BAINBRIDGE ST
492,1724 BAINBRIDGE ST
493,1726 BAINBRIDGE ST
494,1709 FITZWATER ST
495,1711 FITZWATER ST
496,1713 FITZWATER ST
497,1715 FITZWATER ST
498,1717 FITZWATER ST
499,1719 FITZWATER ST
500,1721 FITZWATER ST
501,1723 FITZWATER ST
502,1725 FITZWATER ST
503,1727 FITZWATER ST
504,1800 CHRISTIAN ST
505,1811 FITZWATER ST
506,2000 KATER ST
507,2030 SOUTH ST
508,1801 MONTROSE ST
509,1601 KATER ST
510,2001 BAINBRIDGE ST
511,1305 N 27TH ST
512,1626 DIAMOND ST
513,1600 PAGE ST
514,1908 E LETTERLY ST
515,1912 E LETTERLY ST
516,1914 E LETTERLY ST
517,1916 E LETTERLY ST
518,1918 E LETTERLY ST
519,2306R E FLETCHER ST
520,2101 E ARIZONA ST
521,2116 E YORK ST
522,1905 E HAGERT ST
523,1909 E HAGERT ST
524,1911 E HAGERT ST
525,1913 E HAGERT ST
526,1915 E HAGERT ST
527,2321 E DAUPHIN ST
528,2629 BELGRADE ST
529,2630 LIVINGSTON ST
530,2200 E THOMPSON ST
531,2202 E THOMPSON ST
532,2425 SOUTH ST
533,759 MARTIN ST
534,528 S 15TH ST
535,2212 NAUDAIN ST
536,2216 NAUDAIN ST
537,2302 NAUDAIN ST
538,2013 NAUDAIN ST
539,2017 NAUDAIN ST
540,2304 NAUDAIN ST
541,2306 NAUDAIN ST
542,2308 NAUDAIN ST
543,2310 NAUDAIN ST
544,2101 CARPENTER ST
545,707 S 18TH ST
546,709 S 18TH ST
547,711 S 18TH ST
548,713 S 18TH ST
549,715 S 18TH ST
550,717 S 18TH ST
551,719 S 18TH ST
552,2563 GRAYS FERRY AVE
553,2603 CATHARINE ST
554,916 S 20TH ST
555,1642 LOMBARD ST
556,900 S 18TH ST
557,3001 CLIFFORD ST
558,234 N FELTON ST
559,534 BENNER ST
560,5201 MONTOUR ST
561,574 ROSALIE ST
562,576 ROSALIE ST
563,578 ROSALIE ST
564,580 ROSALIE ST
565,582 ROSALIE ST
566,584 ROSALIE ST
567,586 ROSALIE ST
568,588 ROSALIE ST
569,590 ROSALIE ST
570,592 ROSALIE ST
571,594 ROSALIE ST
572,596 ROSALIE ST
573,602 ADAMS AVE
574,604 ADAMS AVE
575,606 ADAMS AVE
576,602 MAYFAIR ST
577,604 MAYFAIR ST
578,606 MAYFAIR ST
579,608 MAYFAIR ST
580,610 MAYFAIR ST
581,612 MAYFAIR ST
582,614 MAYFAIR ST
583,616 MAYFAIR ST
584,618 MAYFAIR ST
585,620 MAYFAIR ST
586,622 MAYFAIR ST
587,624 MAYFAIR ST
588,4700 E ROOSEVELT BLVD
589,603 GARLAND ST
590,605 GARLAND ST
591,607 GARLAND ST
592,609 GARLAND ST
593,611 GARLAND ST
594,613 GARLAND ST
595,603 MAYFAIR ST
596,615 GARLAND ST
597,617 GARLAND ST
598,619 GARLAND ST
599,621 GARLAND ST
600,623 GARLAND ST
601,625 GARLAND ST
602,605 MAYFAIR ST
603,607 MAYFAIR ST
604,609 MAYFAIR ST
605,611 MAYFAIR ST
606,613 MAYFAIR ST
607,615 MAYFAIR ST
608,700 LANDIS ST
609,6523R-61 LEBANON AVE
610,1315 N 75TH ST
611,531 GLENVIEW ST
612,6411 BINGHAM ST
613,2103 ELLSWORTH ST
614,5400 WISSAHICKON AVE
615,3409 AINSLIE ST
616,2531 S 58TH ST
617,1840 S CAMAC ST
618,1101 EMILY ST
619,5919 JACKSON ST
620,2601 S 83RD ST
621,2507 S 76TH ST
622,2509 S 76TH ST
623,2511 S 76TH ST
624,6229 HARLEY AVE
625,316R-28 E CLARKSON AVE
626,7233R MARSDEN ST
627,6419 TULIP ST
628,6008 KEYSTONE ST
629,6807 JACKSON ST
630,6613 DITMAN ST
631,5311R-19 N AMERICAN ST
632,224 W MENTOR ST
633,5431R-39 WESTFORD RD
634,3317 SALMON ST
635,2834-38 E VICTORIA ST
636,4814 PARRISH ST
637,4809 PARRISH ST
638,4811 PARRISH ST
639,4813 PARRISH ST
640,1801 CECIL B MOORE AVE
641,1500 N CARLISLE ST
642,1814 GINNODO ST
643,540 S 48TH ST
644,542 S 48TH ST
645,544 S 48TH ST
646,4942R N 5TH ST
647,1800-02 S 16TH ST
648,7801 MICHENER AVE
649,5933 N HUTCHINSON ST
650,5935 N HUTCHINSON ST
651,5937 N HUTCHINSON ST
652,5200 W MONTGOMERY AVE
653,5301 W MONTGOMERY AVE
654,1100 E SHARPNACK ST
655,1101 SLOCUM ST
656,7601 FORREST AVE
657,7603 FORREST AVE
658,7605 FORREST AVE
659,7607 FORREST AVE
660,7204 LAWNDALE ST
661,7336 DUNGAN RD
662,7927 ANITA DR
663,7515 ALMA ST
664,4100 KNORR ST
665,4120 KNORR ST
666,415 WELSH RD
667,2106 MURRAY ST
668,3209 HOLYOKE RD
669,3807 AUBREY AVE
670,8231 NARVON ST
671,8712 FRANKFORD AVE
672,2701 WILLITS RD
673,2848 WALNUT HILL ST
674,2803 WALNUT HILL ST
675,2805 WALNUT HILL ST
676,2807 WALNUT HILL ST
677,2809 WALNUT HILL ST
678,2811 WALNUT HILL ST
679,2813 WALNUT HILL ST
680,2815 WALNUT HILL ST
681,2817 WALNUT HILL ST
682,2819 WALNUT HILL ST
683,2821 WALNUT HILL ST
684,2823 WALNUT HILL ST
685,2825 WALNUT HILL ST
686,3324 WILLITS RD
687,2707 WILLITS RD
688,2705 WILLITS RD
689,2703 WILLITS RD
690,8244 ALGON AVE
691,8246 ALGON AVE
692,9110 BICKLEY ST
693,9200 MASLAND ST
694,2802 WELSH RD
695,2804 WELSH RD
696,2806 WELSH RD
697,2808 WELSH RD
698,2814 WELSH RD
699,2816 WELSH RD
700,2818 WELSH RD
701,2820 WELSH RD
702,2822 WELSH RD
703,2824 WELSH RD
704,2002 WELSH RD
705,2004 WELSH RD
706,2006 WELSH RD
707,2008 WELSH RD
708,9327 JAMISON AVE
709,15015 KELVIN AVE
710,10000 JEANES ST
711,10002 JEANES ST
712,12001 SEWELL RD
713,10004 JEANES ST
714,10103 NORTHEAST BLVD
715,9523 COWDEN ST
716,9501 HILSPACH ST
717,9503 HILSPACH ST
718,2087 RED LION RD
719,2089 RED LION RD
720,2091 RED LION RD
721,2093 RED LION RD
722,2095 RED LION RD
723,2097 RED LION RD
724,549 SELMA ST
725,9900 SANDY RD
726,9902 SANDY RD
727,881 MOREFIELD RD
728,9982 HALDEMAN AVE
729,9992 WOODFERN RD
730,9994 WOODFERN RD
731,9996 WOODFERN RD
732,9998 WOODFERN RD
733,9656 DUNGAN RD
734,9983 SANDY RD
735,9985 SANDY RD
736,9987 SANDY RD
737,9989 SANDY RD
738,9991 SANDY RD
739,9993 SANDY RD
740,9995 SANDY RD
741,9999 WOODFERN RD
742,1207 NORWALK RD
743,9841 NORTHEAST BLVD
744,5902R WAYNE AVE
745,4620 SANSOM ST
746,129 E WALNUT LN
747,131 E WALNUT LN
748,133 E WALNUT LN
749,135 E WALNUT LN
750,312 E RITTENHOUSE ST
751,314 E RITTENHOUSE ST
752,325 E HAINES ST
753,327 E HAINES ST
754,423 E HAINES ST
755,427 E HAINES ST
756,181 W 65TH AVE
757,183 W 65TH AVE
758,185 W 65TH AVE
759,187 W 65TH AVE
760,189 W 65TH AVE
761,191 W 65TH AVE
762,193 W 65TH AVE
763,195 W 65TH AVE
764,197 W 65TH AVE
765,199 W 65TH AVE
766,6608 N 13TH ST
767,300R SOLLY AVE
768,8013 BRIDLE RD
769,7724 BURHOLME AVE
770,417 CHANDLER ST
771,7811 VERREE RD
772,5713 ERDRICK ST
773,5829 AKRON ST
774,5826 AKRON ST
775,4615 LINDEN AVE
776,4617 LINDEN AVE
777,4419 PEARSON AVE
778,4305 RHAWN ST
779,4307 RHAWN ST
780,4619 PEARSON AVE
781,4103 WELSH RD
782,4427 ABERDALE RD
783,4953 FITLER ST
784,4202 HOLMESBURG AVE
785,4412 TOLBUT ST
786,4726 GRANT AVE
787,8052 MONTAGUE ST
788,7111 KEYSTONE ST
789,8008 CRISPIN ST
790,8501 RISING SUN AVE
791,8807 RISING SUN AVE
792,8015 MORO ST
793,8017 MORO ST
794,8057 MORO ST
795,102 KINGFIELD RD
796,9699 PINE RD
797,719 BENSON ST
798,725 STRATFORD DR
799,120 MOREDUN AVE
800,108 MOREDUN AVE
801,101 MOREDUN AVE
802,105 MOREDUN AVE
803,108 ALMATT PL
804,110 ALMATT PL
805,8998 PINE RD
806,1119 GREGG ST
807,9040 PINE RD
808,9060 PINE RD
809,1124 WELSH RD
810,10935 ELLICOTT RD
811,201 RIDGEFIELD RD
812,203 RIDGEFIELD RD
813,11901 WALDEMIRE DR
814,11907 WALDEMIRE DR
815,11909 WALDEMIRE DR
816,11915 WALDEMIRE DR
817,9817 ACADEMY RD
818,3633 E CROWN AVE
819,3699 N HEREFORD LN
820,3718 PRESIDENT ST
821,3697 MORRELL AVE
822,3699 MORRELL AVE
823,3620 AVALON ST
824,3339 S KESWICK RD
825,3357 S KESWICK RD
826,3599 NOTTINGHAM LN
827,3609 AVALON ST
828,3613 AVALON ST
829,3381 S KESWICK RD
830,3531 GLENN ST
831,9608 EDEN HALL LN
832,9324 STATE RD
833,9225 WALKER ST
834,8014 COTTAGE ST
835,4301 DEERPATH LN
836,4309 DEERPATH LN
837,3571 BROOKVIEW RD
838,3583 BROOKVIEW RD
839,3595 BROOKVIEW RD
840,500 E GODFREY AVE
841,625-35 E WISTER ST
842,2275 BRIDGE ST
843,4641 E ROOSEVELT BLVD
844,1126-36 ARCH ST
845,115 SOUTH ST
846,9901 E ROOSEVELT BLVD
847,1501 JOHN F KENNEDY BLVD
848,1501 MARKET ST
849,240 HERMITAGE ST
850,1700 S BROAD ST
851,1326-46 N BROAD ST
852,12014 TYRONE RD
853,12799 DUNKS FERRY RD
854,12498 SWEET BRIAR RD
855,12215 THORNTON RD
856,3900 FAIRDALE RD
857,3136 MECHANICSVILLE RD
858,1221 FAIRMOUNT AVE
859,2601 N BROAD ST
860,3200L CHESTNUT ST
861,1500 JOHN F KENNEDY BLVD
862,10102 JAMISON AVE
863,1600 JOHN F KENNEDY BLVD
864,1628 JOHN F KENNEDY BLVD
865,6904 RISING SUN AVE
866,7900 ALGON AVE
867,3100-16 CHESTNUT ST
868,7700 NIXON ST
869,400R W ERIE AVE
870,201-11 S BROAD ST
871,1801 JOHN F KENNEDY BLVD
872,1901 JOHN F KENNEDY BLVD
873,2716 ALMOND ST
874,2729-31 E THOMPSON ST
875,700 WALNUT LN
876,4101 S CHRIS COLUMBUS BLV
877,3000 MASTER ST
878,523-25 N BROAD ST
879,3900 GATEWAY DR
880,7959 CASTOR AVE
881,7244 CASTOR AVE
882,7915 BUSTLETON AVE
883,5520 WHITAKER AVE
884,15002 ENDICOTT ST
885,600-36 WASHINGTON AVE
886,4201 WALNUT ST
887,1708-14 CHESTNUT ST
888,2500 GRANT AVE
889,600 WASHINGTON AVE
890,10050 E ROOSEVELT BLVD
891,1805-09 WALNUT ST
892,3349 GRAYS FERRY AVE
893,259 MARKET ST
894,7901-03 FRANKFORD AVE
895,801 MARKET ST
896,901 MARKET ST
897,180 W DUNCANNON AVE
898,721 DELANCEY ST
899,265 S BROAD ST
900,225 N DAGGETT ST
901,322-44 N BROAD ST
902,339 N BROAD ST
903,11701 BUSTLETON AVE
904,4501 WOODHAVEN RD
905,1530-32 CHESTNUT ST
906,5675 N FRONT ST
907,4301 BYBERRY RD
908,2998 WELSH RD
909,8200 GERMANTOWN AVE
910,2900 ISLAND AVE
911,3000 ISLAND AVE
912,3200 RED LION RD
913,13032 BUSTLETON AVE
914,11000 RENNARD ST
915,7030 GROVERS AVE
916,150 S INDEPENDENCE W ML
917,8400 E ROOSEVELT BLVD
918,699 N BROAD ST
919,4521 FRANKFORD AVE
920,2319-27 FITZWATER ST
921,1338-48 CHESTNUT ST
922,3217 WILLITS RD
923,9550 BUSTLETON AVE
924,1503 WADSWORTH AVE
925,3300 HENRY AVE
926,6800 CASTOR AVE
927,8304 BUSTLETON AVE
928,1100 SOLLY AVE
929,8012 CASTOR AVE
930,8015 CASTOR AVE
931,8019 CASTOR AVE
932,400 W CHELTEN AVE
933,2801 TREMONT ST
934,9227 FRANKFORD AVE
935,250 GEIGER RD
936,1003 GERMANTOWN AVE
937,5149 WARREN ST
938,6300 CRESCENTVILLE RD
939,4610R N 4TH ST
940,106 COTTON ST
941,3780 MAIN ST
942,1401 S CHRIS COLUMBUS BLV
943,11500 E ROOSEVELT BLVD
944,4301-15 WISSAHICKON AVE
945,2401 ARAMINGO AVE
946,1801 W HUNTING PARK AVE
947,118R N 3RD ST
948,2220 RICHMOND ST
949,7101 GREENE ST
950,1701 JOHN F KENNEDY BLVD
951,1341 S CHRIS COLUMBUS BLV
952,830 SUSQUEHANNA RD
953,317-29 S 8TH ST
954,2904 S CHRIS COLUMBUS BLV
955,2906 S CHRIS COLUMBUS BLV
956,8500 PARKWOOD LN
957,3701 S CHRIS COLUMBUS BLV
958,9903 BUSTLETON AVE
959,2200 OREGON AVE
960,3051 JOHN F KENNEDY BLVD
961,15004 ENDICOTT ST
962,7001 MILNOR ST
963,325 W GLENWOOD AVE
964,159 W SPRINGFIELD AVE
965,2655-63 TRENTON AVE
966,3928 CRESSON ST
967,5200 NIXON ST
968,3100 S 20TH ST
969,3475 COLLINS ST
970,2510 ORTHODOX ST
971,5110R UMBRIA ST
972,6221 W PASSYUNK AVE
973,13 PATTISON AVE
974,7808 NIXON ST
975,5149R-53 COMLY ST
976,4030 N BROAD ST
977,3715 K ST
978,4807 ASHBURNER ST
979,4926 PEARSON AVE
980,12301 MC NULTY RD
981,3700 MORRIS ST
982,4301 N DELAWARE AVE
983,5135 BLEIGH AVE
984,401 E TIOGA ST
985,7000 HOLSTEIN AVE
986,7363 TULIP ST
987,1732 N HOWARD ST
988,5601 TABOR AVE
989,5001 COMLY ST
990,9300 ASHTON RD
991,6801 NEW STATE RD
992,6801R NEW STATE RD
993,53-69 E ARMAT ST
994,1890 WOODHAVEN RD
995,8 OREGON AVE
996,1251R BYBERRY RD
997,10901 DUTTON RD
998,5027 KNORR ST
999,700 PATTISON AVE
1000,2512 ORTHODOX ST
1001,2068R S 71ST ST
1002,1601 CHESTNUT ST
1003,202-10 W RITTENHOUSE SQ
1004,5201 OLD YORK RD
1005,2830A S 20TH ST
1006,2900 S 20TH ST
1007,456 N 05TH ST
1008,6201 TACONY ST
1009,2000 GRANT AVE
1010,2451 GRANT AVE
1011,3001R STOKLEY ST
1012,1429-33 WALNUT ST
1013,6404-06 E ROOSEVELT BLVD
1014,610 S 2ND ST
1015,10501-21 ACADEMY RD
1016,1823R-25 S 5TH ST
1017,1701 MARKET ST
1018,414 RECTOR ST
1019,1800 ARCH ST
1020,9140 ACADEMY RD
1021,2145 SOUTH ST
1022,8303 TORRESDALE AVE
1023,1419A-27 ARCH ST
1024,1717 ARCH ST
1025,2137 WELSH RD
1026,6208 W PASSYUNK AVE
1027,111 S INDEPENDENCE E MALL
1028,716-30 SPRUCE ST
1029,1300 MARKET ST
1030,800-34 WALNUT ST
1031,2801 ISLAND AVE
1032,1100 S CHRIS COLUMBUS BLV
1033,907-37 MARKET ST
1034,3711 MARKET ST
1035,245 S BROAD ST
1036,8305 TORRESDALE AVE
1037,7251 E ROOSEVELT BLVD
1038,1218-22 CHESTNUT ST
1039,3600 MARKET ST
1040,1216-20 ARCH ST
1041,200-10 LOMBARD ST
1042,1612-34 CHANCELLOR ST
1043,727-33 DELANCEY ST
1044,1628-36 CHESTNUT ST
1045,1113 MARKET ST
1046,4705 RIDGE AVE
1047,2441 CHURCH ST
1048,6410 RISING SUN AVE
1049,1514-16 SANSOM ST
1050,8939-45 RIDGE AVE
1051,207-09 N BROAD ST
1052,123 S BROAD ST
1053,3624 MARKET ST
1054,111 S 15TH ST
1055,1608-14 WALNUT ST
1056,1701 WALNUT ST
1057,1831-33 CHESTNUT ST
1058,3000 GRAYS FERRY AVE
1059,9909 BUSTLETON AVE
1060,1501-39 MARKET ST
1061,1601 JOHN F KENNEDY BLVD
1062,1 DOCK ST
1063,2601 PENNSYLVANIA AVE
1064,1420 LOCUST ST
1065,28 N 3RD ST
1066,133 BREAD ST
1067,112 N 2ND ST
1068,103-07 CHURCH ST
1069,1006 N 5TH ST
1070,428 LOMBARD ST
1071,1213-15 LOCUST ST
1072,329 S 12TH ST
1073,7 N CHRIS COLUMBUS BLVD
1074,3 N CHRIS COLUMBUS BLVD
1075,901 N PENN ST
1076,717 S CHRIS COLUMBUS BLVD
1077,1512-14 SPRUCE ST
1078,1010 RACE ST
1079,1100 VINE ST
1080,131 BREAD ST
1081,20-22 N 3RD ST
1082,423-31 FAIRMOUNT AVE
1083,113 BREAD ST
1084,238 S 3RD ST
1085,210 W WASHINGTON SQ
1086,1112 SPRUCE ST
1087,253 PINE ST
1088,1345 LOMBARD ST
1089,900 PINE ST
1090,902 PINE ST
1091,429 N 13TH ST
1092,220 W WASHINGTON SQ
1093,238 S 13TH ST
1094,240 S 13TH ST
1095,242 S 13TH ST
1096,250 S 13TH ST
1097,314-22 N 12TH ST
1098,130 N 2ND ST
1099,434 POPLAR ST
1100,920 CLINTON ST
1101,28R N 3RD ST
1102,997 N 6TH ST
1103,1222 SPRUCE ST
1104,621-23 N 2ND ST
1105,8-10 LETITIA ST
1106,606 WAVERLY ST
1107,1133 LOMBARD ST
1108,1116 N BODINE ST
1109,926 N 3RD ST
1110,923 N ORIANNA ST
1111,217 CHURCH ST
1112,1019-25 N 4TH ST
1113,205-15 CUTHBERT ST
1114,335 S 12TH ST
1115,1016-18 HAMILTON ST
1116,304 MARKET ST
1117,337 S 12TH ST
1118,1022 PINE ST
1119,1431 SPRUCE ST
1120,148 N 3RD ST
1121,122-24 CHESTNUT ST
1122,900 N 3RD ST
1123,902 N 3RD ST
1124,904 N 3RD ST
1125,906 N 3RD ST
1126,309-13 ARCH ST
1127,334 S 12TH ST
1128,1322 PINE ST
1129,333 GREEN ST
1130,974-76 N 5TH ST
1131,800 N 2ND ST
1132,916 NEW MARKET ST
1133,408 SPRUCE ST
1134,1341 LOMBARD ST
1135,1102 N 4TH ST
1136,312 MARKET ST
1137,104 MARKET ST
1138,1009 CLINTON ST
1139,59 N 3RD ST
1140,449 N 13TH ST
1141,1305 SPRUCE ST
1142,929 CLINTON ST
1143,304 S 10TH ST
1144,237-41 BREAD ST
1145,1011 CLINTON ST
1146,133 LAUREL ST
1147,1125 SPRUCE ST
1148,25 BANK ST
1149,875-77 N LAWRENCE ST
1150,1401 WALNUT ST
1151,135 LAUREL ST
1152,239 MARKET ST
1153,304 CHERRY ST
1154,301 RACE ST
1155,6945 N 15TH ST
1156,11-15 N 2ND ST
1157,604-36 S WASHINGTON SQ
1158,241 S 6TH ST
1159,200 LOCUST ST
1160,220 LOCUST ST
1161,210 LOCUST ST
1162,102-22 CHURCH ST
1163,1238 CALLOWHILL ST
1164,822-38 CHESTNUT ST
1165,233 S 6TH ST
1166,1008-20 SPRUCE ST
1167,210 CHURCH ST
1168,126-28 ARCH ST
1169,1119-25 PINE ST
1170,211 CHURCH ST
1171,540 S 11TH ST
1172,1101 SOUTH ST
1173,1103 SOUTH ST
1174,315 NEW ST
1175,1326-42 SPRUCE ST
1176,100 ARCH ST
1177,1105 SOUTH ST
1178,1107 SOUTH ST
1179,1109 SOUTH ST
1180,1111 SOUTH ST
1181,101-11 ARCH ST
1182,500 S 11TH ST
1183,502R S 11TH ST
1184,504R-06 S 11TH ST
1185,504-06 S 11TH ST
1186,1113 SOUTH ST
1187,541 S 12TH ST
1188,130-36 BREAD ST
1189,205-11 N 4TH ST
1190,508 S 11TH ST
1191,510 S 11TH ST
1192,512 S 11TH ST
1193,514 S 11TH ST
1194,309 S 2ND ST
1195,313 S 2ND ST
1196,315 S 2ND ST
1197,317 S 2ND ST
1198,319 S 2ND ST
1199,321 S 2ND ST
1200,323 S 2ND ST
1201,1201 SOUTH ST
1202,512 S 12TH ST
1203,514 S 12TH ST
1204,130 SPRUCE ST
1205,516 S 12TH ST
1206,518 S 12TH ST
1207,1211 SOUTH ST
1208,1213 SOUTH ST
1209,136-38 N 2ND ST
1210,1027-31 N 4TH ST
1211,1215 SOUTH ST
1212,1217 SOUTH ST
1213,1219 SOUTH ST
1214,1221-29 SOUTH ST
1215,33 N 3RD ST
1216,802-10 LOCUST ST
1217,525-31 S 13TH ST
1218,114-18 NAUDAIN ST
1219,1107 RODMAN ST
1220,1109 RODMAN ST
1221,1111 RODMAN ST
1222,1113 RODMAN ST
1223,1115 RODMAN ST
1224,1117 RODMAN ST
1225,1119 RODMAN ST
1226,1121 RODMAN ST
1227,1123 RODMAN ST
1228,1125 RODMAN ST
1229,1127 RODMAN ST
1230,1129 RODMAN ST
1231,244-48 N 3RD ST
1232,1131 RODMAN ST
1233,522 MONTROSE ST
1234,1029 CHRISTIAN ST
1235,620 FITZWATER ST
1236,216 CHRISTIAN ST
1237,1215 FITZWATER ST
1238,1217 FITZWATER ST
1239,1240 SOUTH ST
1240,1335-37 PINE ST
1241,249-51 N 2ND ST
1242,214-18 NEW ST
1243,231-35 N 2ND ST
1244,301 N 3RD ST
1245,303 N 3RD ST
1246,305 N 3RD ST
1247,307 N 3RD ST
1248,141-45 N 2ND ST
1249,142 BREAD ST
1250,214-18 S 12TH ST
1251,1002 SPRUCE ST
1252,632 PINE ST
1253,10 N 3RD ST
1254,807-15 N HANCOCK ST
1255,23 S 23RD ST
1256,108 ARCH ST
1257,201-59 N 8TH ST
1258,1904-08 SPRING GARDEN ST
1259,1030-32 SPRUCE ST
1260,105 S 12TH ST
1261,1939 CHESTNUT ST
1262,212 BROWN ST
1263,602 S 11TH ST
1264,530 W GIRARD AVE
1265,808 PINE ST
1266,801 ADDISON ST
1267,803 ADDISON ST
1268,805 ADDISON ST
1269,807 ADDISON ST
1270,36 N FRONT ST
1271,302 LOMBARD ST
1272,1215 SPRUCE ST
1273,234 QUEEN ST
1274,236 QUEEN ST
1275,714 BAINBRIDGE ST
1276,514 SOUTH ST
1277,340 N FRONT ST
1278,1215-21 WOOD ST
1279,233 VINE ST
1280,411 S 9TH ST
1281,6-10 STRAWBERRY ST
1282,109-13 N ORIANNA ST
1283,32 S 22ND ST
1284,239 RACE ST
1285,1228-32 ARCH ST
1286,145 LAUREL ST
1287,147 LAUREL ST
1288,149 LAUREL ST
1289,151 LAUREL ST
1290,233 FAIRMOUNT AVE
1291,809 ADDISON ST
1292,811 ADDISON ST
1293,925 PINE ST
1294,1137 PINE ST
1295,265 S 9TH ST
1296,630 N 3RD ST
1297,2429-41 LOCUST ST
1298,606 S AMERICAN ST
1299,733 S 12TH ST
1300,1014 E MOYAMENSING AVE
1301,144-46 N 3RD ST
1302,903-05 CLINTON ST
1303,22 S FRONT ST
1304,241-43 CHESTNUT ST
1305,121-35 WALNUT ST
1306,828 N HANCOCK ST
1307,1515 LOCUST ST
1308,221-23 RACE ST
1309,983 N 5TH ST
1310,1112-18 N 3RD ST
1311,722 S 4TH ST
1312,1113 FITZWATER ST
1313,635 FITZWATER ST
1314,623 S 6TH ST
1315,1012-14 S RANDOLPH ST
1316,519 BAINBRIDGE ST
1317,705-07 S 12TH ST
1318,1027-31 ARCH ST
1319,1147-53 N 4TH ST
1320,1953 LOCUST ST
1321,720-22 CHESTNUT ST
1322,926-28 RACE ST
1323,122-30 NEW ST
1324,1129 SPRUCE ST
1325,113 CUTHBERT ST
1326,31 S 2ND ST
1327,20 LETITIA ST
1328,101 LOMBARD ST
1329,103 LOMBARD ST
1330,105 LOMBARD ST
1331,107 LOMBARD ST
1332,109 LOMBARD ST
1333,111 LOMBARD ST
1334,113 LOMBARD ST
1335,200 CHRISTIAN ST
1336,737-39 S 5TH ST
1337,1232 SOUTH ST
1338,704 N 5TH ST
1339,1004 S 5TH ST
1340,730 MONTROSE ST
1341,920 SOUTH ST
1342,709-11 S 12TH ST
1343,713-15 S 12TH ST
1344,717-19 S 12TH ST
1345,1606 CHESTNUT ST
1346,335 N FRONT ST
1347,1708 PINE ST
1348,1917 SPRUCE ST
1349,50-56 N FRONT ST
1350,115 LOMBARD ST
1351,1317-21 RODMAN ST
1352,135 SOUTH ST
1353,315-17 N FRONT ST
1354,334 MONROE ST
1355,129 LEAGUE ST
1356,810 S 2ND ST
1357,2026-30 CHANCELLOR ST
1358,737 S 11TH ST
1359,610 S PERCY ST
1360,721-23 S 12TH ST
1361,725-27 S 12TH ST
1362,708-10 S SARTAIN ST
1363,1029-33 SPRUCE ST
1364,128-30 SOUTH ST
1365,837 N 2ND ST
1366,415 S 19TH ST
1367,101 WALNUT ST
1368,206-08 BROWN ST
1369,408 GREEN ST
1370,125 CUTHBERT ST
1371,51 N 2ND ST
1372,21 N 3RD ST
1373,625-27 BAINBRIDGE ST
1374,613 CATHARINE ST
1375,789 S 3RD ST
1376,131 CATHARINE ST
1377,706 S 5TH ST
1378,712-14 S SARTAIN ST
1379,716-18 S SARTAIN ST
1380,720-22 S SARTAIN ST
1381,38 N FRONT ST
1382,1034 SPRUCE ST
1383,1931 SPRUCE ST
1384,212-20 RACE ST
1385,258 S 3RD ST
1386,234-38 N 3RD ST
1387,611 CATHARINE ST
1388,619 CATHARINE ST
1389,814 SOUTH ST
1390,1201-15 FITZWATER ST
1391,724-26 S SARTAIN ST
1392,728-30 S SARTAIN ST
1393,524 MONTROSE ST
1394,921 S 11TH ST
1395,602-04 FULTON ST
1396,110-12 S FRONT ST
1397,411 S 19TH ST
1398,1714 SPRUCE ST
1399,915 CLINTON ST
1400,211-25 S 4TH ST
1401,314-18 BROWN ST
1402,116-18 ARCH ST
1403,115-19 CUTHBERT ST
1404,12-16 LETITIA ST
1405,810 S 6TH ST
1406,735-39 S 12TH ST
1407,520 KATER ST
1408,336 MONROE ST
1409,532 FITZWATER ST
1410,603 N AMERICAN ST
1411,1210-26 BUTTONWOOD ST
1412,126 MARKET ST
1413,2330 SANSOM ST
1414,423 PINE ST
1415,251 S 24TH ST
1416,1624 SPRUCE ST
1417,1626 SPRUCE ST
1418,421 CHESTNUT ST
1419,700-12 LOCUST ST
1420,218 SPRUCE ST
1421,265 S 4TH ST
1422,267 S 4TH ST
1423,269 S 4TH ST
1424,517 S 6TH ST
1425,735-37 N 2ND ST
1426,729 S 2ND ST
1427,807 S DARIEN ST
1428,716-18 S 11TH ST
1429,1020 S 02ND ST
1430,1022-24 S 02ND ST
1431,271 S VAN PELT ST
1432,232-34 N 2ND ST
1433,1632 SPRUCE ST
1434,1205 SPRUCE ST
1435,2018 DELANCEY PL
1436,209 N 3RD ST
1437,328 SPRUCE ST
1438,340 SPRUCE ST
1439,413 SPRUCE ST
1440,306-08 S 13TH ST
1441,600-02 S 9TH ST
1442,1117 FITZWATER ST
1443,608 S 9TH ST
1444,401-11 N FRONT ST
1445,428-40 N 13TH ST
1446,749 S 17TH ST
1447,521 PINE ST
1448,934-50 N 3RD ST
1449,313-25 RACE ST
1450,1023 CLINTON ST
1451,315 ARCH ST
1452,1028-30 PINE ST
1453,1207 SPRUCE ST
1454,908-10 SPRUCE ST
1455,255 N 3RD ST
1456,1024 SPRUCE ST
1457,800 N LAWRENCE ST
1458,1500 MOUNT VERNON ST
1459,1502 MOUNT VERNON ST
1460,1504 MOUNT VERNON ST
1461,1183 S 11TH ST
1462,405 BAINBRIDGE ST
1463,800 S FRONT ST
1464,817-19 N 2ND ST
1465,701 S 3RD ST
1466,629-31 S 13TH ST
1467,1114 BAINBRIDGE ST
1468,1112 BAINBRIDGE ST
1469,611-15 S 2ND ST
1470,1601 LOCUST ST
1471,730 S 20TH ST
1472,810 N HANCOCK ST
1473,225 RACE ST
1474,1902 PINE ST
1475,912 SPRUCE ST
1476,914 SPRUCE ST
1477,115-21 N ORIANNA ST
1478,306-08 CHERRY ST
1479,1506 MOUNT VERNON ST
1480,1508 MOUNT VERNON ST
1481,826 S 2ND ST
1482,824 S 12TH ST
1483,753 S 8TH ST
1484,723-25 BAINBRIDGE ST
1485,1356 SOUTH ST
1486,406 QUEEN ST
1487,1216 S 12TH ST
1488,257-59 N 2ND ST
1489,227-31 S 6TH ST
1490,1009 ARCH ST
1491,1625 SPRUCE ST
1492,300 N 3RD ST
1493,915 SPRUCE ST
1494,918-20 SPRUCE ST
1495,715 PINE ST
1496,331 N FRONT ST
1497,229 CHESTNUT ST
1498,243 MONTROSE ST
1499,817 S 5TH ST
1500,1231 CLYMER ST
1501,1233-35 BAINBRIDGE ST
1502,639-41 CATHARINE ST
1503,722 N 2ND ST
1504,313-15 N 3RD ST
1505,419 SPRUCE ST
1506,1108 SPRUCE ST
1507,238 DELANCEY ST
1508,1017 SPRUCE ST
1509,104 N 2ND ST
1510,1035-37 BAINBRIDGE ST
1511,612 CHRISTIAN ST
1512,1301 ELLSWORTH ST
1513,1002 S 11TH ST
1514,400-16 S 2ND ST
1515,712-16 N 2ND ST
1516,1111-13 WALNUT ST
1517,201 N BROAD ST
1518,736-38 PINE ST
1519,924 SPRUCE ST
1520,432 POPLAR ST
1521,309 N 3RD ST
1522,1130 SPRUCE ST
1523,1304 SPRUCE ST
1524,1227 CHRISTIAN ST
1525,1009 S 8TH ST
1526,765 S 4TH ST
1527,924 S 11TH ST
1528,729 S 12TH ST
1529,943 S 3RD ST
1530,1142 S 7TH ST
1531,1213 FITZWATER ST
1532,1728 CHESTNUT ST
1533,1514 PINE ST
1534,1524 PINE ST
1535,1021 CLINTON ST
1536,800 PINE ST
1537,802 PINE ST
1538,804 PINE ST
1539,806 PINE ST
1540,320 RACE ST
1541,916 E MOYAMENSING AVE
1542,126 CUTHBERT ST
1543,226 MONROE ST
1544,755 S 3RD ST
1545,610-12 S AMERICAN ST
1546,746-48 E PASSYUNK AVE
1547,735 S RANDOLPH ST
1548,828-34 S 3RD ST
1549,1701 S 28TH ST
1550,625-33 CHRISTIAN ST
1551,246 FITZWATER ST
1552,5429-55 CHESTNUT ST
1553,743 S 3RD ST
1554,773 S 3RD ST
1555,336 QUEEN ST
1556,637 BAINBRIDGE ST
1557,201 QUEEN ST
1558,3901-55 MARKET ST
1559,620-28 CHRISTIAN ST
1560,727-29 S 7TH ST
1561,1200-02 WALNUT ST
1562,1441-43 S 2ND ST
1563,322 QUEEN ST
1564,324 QUEEN ST
1565,771-75 S 2ND ST
1566,7200 UMBRIA ST
1567,35 S 60TH ST
1568,106 S 60TH ST
1569,108 S 60TH ST
1570,109 S 60TH ST
1571,3231-65 N 2ND ST
1572,322 REED ST
1573,1320 S BROAD ST
1574,1324 S BROAD ST
1575,915-25 BAINBRIDGE ST
1576,110 S 60TH ST
1577,116 S 60TH ST
1578,124 S 60TH ST
1579,144 S 60TH ST
1580,147 S 60TH ST
1581,205 S 60TH ST
1582,213 S 60TH ST
1583,216 S 60TH ST
1584,247 S 60TH ST
1585,249 S 60TH ST
1586,251 S 60TH ST
1587,259 S 60TH ST
1588,262 S 60TH ST
1589,1326 S BROAD ST
1590,617 REED ST
1591,266 S 60TH ST
1592,274 S 60TH ST
1593,276 S 60TH ST
1594,282 S 60TH ST
1595,208 GREENWICH ST
1596,1507 E MOYAMENSING AVE
1597,1719 S 04TH ST
1598,1727 S 04TH ST
1599,786 S 2ND ST
1600,5201R COMLY ST
1601,6700 NEW STATE RD
1602,315 MONROE ST
1603,310-12 CATHARINE ST
1604,325-33 MONROE ST
1605,238 QUEEN ST
1606,817 KATER ST
1607,819 KATER ST
1608,821 KATER ST
1609,823 KATER ST
1610,7169 OGONTZ AVE
1611,2102 N 49TH ST
1612,704-10 S 6TH ST
1613,326 QUEEN ST
1614,328 QUEEN ST
1615,330 QUEEN ST
1616,209 CHRISTIAN ST
1617,211 CHRISTIAN ST
1618,1201 S 23RD ST
1619,7165-67 OGONTZ AVE
1620,770-78 S 3RD ST
1621,213 CHRISTIAN ST
1622,430 FITZWATER ST
1623,123 BAINBRIDGE ST
1624,314-20 CATHARINE ST
1625,4401 MEGARGEE ST
1626,839 S AMERICAN ST
1627,841 S AMERICAN ST
1628,843 S AMERICAN ST
1629,816 S 4TH ST
1630,5004 WELLINGTON ST
1631,1900 W ALLEGHENY AVE
1632,800 S 13TH ST
1633,845 S AMERICAN ST
1634,840 S AMERICAN ST
1635,842 S AMERICAN ST
1636,700 S 10TH ST
1637,818 S 4TH ST
1638,820 S 4TH ST
1639,822 S 4TH ST
1640,814 S SHERIDAN ST
1641,1511 N 7TH ST
1642,234 MONROE ST
1643,240 MONROE ST
1644,815 S 7TH ST
1645,705-11 PEMBERTON ST
1646,8900 E ROOSEVELT BLVD
1647,5364 JACKSON ST
1648,3232 HENRY AVE
1649,3921-61 N 05TH ST
1650,242 MONROE ST
1651,211 FULTON ST
1652,213 FULTON ST
1653,215 FULTON ST
1654,217 FULTON ST
1655,765 S 2ND ST
1656,516 LOMBARD ST
1657,317-19 MONROE ST
1658,1701-15 LOCUST ST
1659,2200-28 ARCH ST
1660,2018-32 WALNUT ST
1661,2001 HAMILTON ST
1662,219-29 S 18TH ST
1663,1425 LOCUST ST
1664,2101 MARKET ST
1665,1414 S PENN SQ
1666,130 S 18TH ST
1667,2025 ARCH ST
1668,2033-49 ARCH ST
1669,251-59 S 22ND ST
1670,400 S 22ND ST
1671,1010 ARCH ST
1672,2032 ARCH ST
1673,256-70 S 23RD ST
1674,1823 PINE ST
1675,2034 ARCH ST
1676,2105 ARCH ST
1677,117 S 16TH ST
1678,2217-19 DELANCEY PL
1679,2107 ARCH ST
1680,2109 ARCH ST
1681,2111 ARCH ST
1682,2113 ARCH ST
1683,2115 ARCH ST
1684,2125 ARCH ST
1685,2127 ARCH ST
1686,1615-17 SPRUCE ST
1687,2122 SPRUCE ST
1688,1523 GREEN ST
1689,1522 MOUNT VERNON ST
1690,210-20 S 25TH ST
1691,2043 WALNUT ST
1692,444 N 4TH ST
1693,2300 LOCUST ST
1694,1619 SPRUCE ST
1695,1627 SPRUCE ST
1696,2306 SPRUCE ST
1697,1629 GREEN ST
1698,50 S 16TH ST
1699,1903 SPRUCE ST
1700,2009 SPRUCE ST
1701,1503-05 BRANDYWINE ST
1702,317 VINE ST
1703,1001-13 CHESTNUT ST
1704,1900 HAMILTON ST
1705,201 GREEN ST
1706,8327 GERMANTOWN AVE
1707,2308-10 SPRUCE ST
1708,1821 SPRUCE ST
1709,1621 SPRUCE ST
1710,1035 SPRUCE ST
1711,1101 LOCUST ST
1712,2 E CHESTNUT HILL AVE
1713,1500 GREEN ST
1714,1825 DELANCEY PL
1715,1730 PINE ST
1716,1501 GREEN ST
1717,1503 GREEN ST
1718,1912 PINE ST
1719,2134 PINE ST
1720,1512 GREEN ST
1721,1521 GREEN ST
1722,2112 PINE ST
1723,1813 PINE ST
1724,422 S 15TH ST
1725,1529 GREEN ST
1726,1609 GREEN ST
1727,1611 GREEN ST
1728,1613 GREEN ST
1729,2047 SPRUCE ST
1730,558 N 16TH ST
1731,323 S 17TH ST
1732,343 S 18TH ST
1733,1615 GREEN ST
1734,1617 GREEN ST
1735,1631 GREEN ST
1736,110 N 21ST ST
1737,108 N 21ST ST
1738,106 N 21ST ST
1739,104 N 21ST ST
1740,102 N 21ST ST
1741,1513 GREEN ST
1742,1926 SPRING GARDEN ST
1743,1928 SPRING GARDEN ST
1744,100 N 21ST ST
1745,156 N 22ND ST
1746,158 N 22ND ST
1747,160 N 22ND ST
1748,162 N 22ND ST
1749,164 N 22ND ST
1750,166 N 22ND ST
1751,1930 SPRING GARDEN ST
1752,2024 SPRING GARDEN ST
1753,214-30 N 22ND ST
1754,2200-08 ARCH ST
1755,400-26 S BROAD ST
1756,2000 DELANCEY PL
1757,1800 PINE ST
1758,224-30 W RITTENHOUSE SQ
1759,1900 RITTENHOUSE SQ
1760,220 W RITTENHOUSE SQ
1761,1806-18 RITTENHOUSE SQ
1762,2301 CHERRY ST
1763,212-24 S 24TH ST
1764,250 S 17TH ST
1765,1666 CALLOWHILL ST
1766,1811-19 CHESTNUT ST
1767,2007 PINE ST
1768,109 S 21ST ST
1769,1518 NORTH ST
1770,626 N 16TH ST
1771,1603 MOUNT VERNON ST
1772,1605 MOUNT VERNON ST
1773,528 N 15TH ST
1774,1514 MOUNT VERNON ST
1775,655-59 N 16TH ST
1776,1935 MANNING ST
1777,326 S 17TH ST
1778,1528 PINE ST
1779,1724 SPRUCE ST
1780,1906 PINE ST
1781,1908 SPRUCE ST
1782,1812 SPRUCE ST
1783,1504-08 FAIRMOUNT AVE
1784,1808 SPRUCE ST
1785,1830 RITTENHOUSE SQ
1786,1628 SPRUCE ST
1787,2302 SPRUCE ST
1788,1526 PINE ST
1789,253 S 21ST ST
1790,1814 SPRUCE ST
1791,2410-12 PINE ST
1792,1601 SPRING GARDEN ST
1793,1920-22 CHESTNUT ST
1794,327 S 17TH ST
1795,2200 PINE ST
1796,1519 PINE ST
1797,2010 SPRUCE ST
1798,2201-09 ARCH ST
1799,2031 WALNUT ST
1800,36 STRAWBERRY ST
1801,207 S 24TH ST
1802,236 S 21ST ST
1803,1611 FAIRMOUNT AVE
1804,1813 SPRUCE ST
1805,1716 PINE ST
1806,2218 PINE ST
1807,1802 PINE ST
1808,2100 DELANCEY PL
1809,2024 SPRUCE ST
1810,2031 PINE ST
1811,2201 CHESTNUT ST
1812,1522-24 RACE ST
1813,2047 WALNUT ST
1814,2049 WALNUT ST
1815,2201 CHERRY ST
1816,344 S 15TH ST
1817,1531 PINE ST
1818,411 S CARLISLE ST
1819,272 S 23RD ST
1820,1508 PINE ST
1821,2135 WALNUT ST
1822,1518 MOUNT VERNON ST
1823,250 S 23RD ST
1824,609 N 16TH ST
1825,1706 RITTENHOUSE SQ
1826,1820 RITTENHOUSE SQ
1827,603 N 16TH ST
1828,1725 DELANCEY PL
1829,265 S 19TH ST
1830,1734 CHESTNUT ST
1831,250 S 18TH ST
1832,1839-41 SPRUCE ST
1833,1737-39 CHESTNUT ST
1834,1910 SPRING GARDEN ST
1835,1500 CHESTNUT ST
1836,1119 HAMILTON ST
1837,1324 LOCUST ST
1838,2101-17 CHESTNUT ST
1839,815-37 ARCH ST
1840,1100 S BROAD ST
1841,1121 HAMILTON ST
1842,1123 HAMILTON ST
1843,1125 HAMILTON ST
1844,1127 HAMILTON ST
1845,445 N 12TH ST
1846,447 N 12TH ST
1847,449 N 12TH ST
1848,451 N 12TH ST
1849,453 N 12TH ST
1850,455 N 12TH ST
1851,457 N 12TH ST
1852,459 N 12TH ST
1853,1126 BUTTONWOOD ST
1854,1124 BUTTONWOOD ST
1855,1122 BUTTONWOOD ST
1856,1120 BUTTONWOOD ST
1857,1118 BUTTONWOOD ST
1858,1116 BUTTONWOOD ST
1859,1114 BUTTONWOOD ST
1860,1112 BUTTONWOOD ST
1861,1110 BUTTONWOOD ST
1862,1108 BUTTONWOOD ST
1863,1106 BUTTONWOOD ST
1864,1104 BUTTONWOOD ST
1865,1101 WASHINGTON AVE
1866,2200 ARCH ST
1867,441 TOMLINSON RD
1868,6751 N 13TH ST
1869,8910 KREWSTOWN RD
1870,1708 TRACEY ST
1871,1706 TRACEY ST
1872,1704 TRACEY ST
1873,1702 TRACEY ST
1874,1700 TRACEY ST
1875,1717 TRACEY ST
1876,9259 JAMISON AVE
1877,9261 JAMISON AVE
1878,9263 JAMISON AVE
1879,9265 JAMISON AVE
1880,9267 JAMISON AVE
1881,9269 JAMISON AVE
1882,1503 GREGG ST
1883,1501 GREGG ST
1884,1570 STONEY LN
1885,1568 STONEY LN
1886,1566 STONEY LN
1887,1564 STONEY LN
1888,1562 STONEY LN
1889,9325 NEIL RD
1890,9327 NEIL RD
1891,9329 NEIL RD
1892,9333 NEIL RD
1893,9335 NEIL RD
1894,9337 NEIL RD
1895,2015 WELSH RD
1896,9228-38 BLUE GRASS RD
1897,9908 BUSTLETON AVE
1898,9906 BUSTLETON AVE
1899,9921 BUSTLETON AVE
1900,601 EDISON AVE
1901,603 EDISON AVE
1902,110-30 BYBERRY RD
1903,9926 HALDEMAN AVE
1904,301 BYBERRY RD
1905,10113-15 VERREE RD
1906,9945-49 NORWALK RD
1907,1715 TRACEY ST
1908,1713 TRACEY ST
1909,1711 TRACEY ST
1910,1709 TRACEY ST
1911,1707 TRACEY ST
1912,1734 RACHAEL ST
1913,9271 JAMISON AVE
1914,9273 JAMISON AVE
1915,9275 JAMISON AVE
1916,9321 JAMISON AVE
1917,9323 JAMISON AVE
1918,9325 JAMISON AVE
1919,1560 STONEY LN
1920,1558 STONEY LN
1921,1556 STONEY LN
1922,1554 STONEY LN
1923,1552 STONEY LN
1924,1550 STONEY LN
1925,9339-41 NEIL RD
1926,9343-45 NEIL RD
1927,9347 NEIL RD
1928,9349 NEIL RD
1929,9351 NEIL RD
1930,9353 NEIL RD
1931,9355 NEIL RD
1932,805 RED LION RD
1933,605 EDISON AVE
1934,607 EDISON AVE
1935,8920 KREWSTOWN RD
1936,1732 RACHAEL ST
1937,1730 RACHAEL ST
1938,1728 RACHAEL ST
1939,1726 RACHAEL ST
1940,1724 RACHAEL ST
1941,1735 RACHAEL ST
1942,1733 RACHAEL ST
1943,9329 JAMISON AVE
1944,9331 JAMISON AVE
1945,9333 JAMISON AVE
1946,9335 JAMISON AVE
1947,9337 JAMISON AVE
1948,9339 JAMISON AVE
1949,9341 JAMISON AVE
1950,1548 STONEY LN
1951,1546 STONEY LN
1952,1544 STONEY LN
1953,1518 STONEY LN
1954,1516 STONEY LN
1955,1514 STONEY LN
1956,1512 STONEY LN
1957,9357 NEIL RD
1958,9359 NEIL RD
1959,9361 NEIL RD
1960,9363 NEIL RD
1961,9365 NEIL RD
1962,9367 NEIL RD
1963,9369 NEIL RD
1964,609 EDISON AVE
1965,1225 NORWALK RD
1966,8930 KREWSTOWN RD
1967,1731 RACHAEL ST
1968,1729 RACHAEL ST
1969,1727 RACHAEL ST
1970,1725 RACHAEL ST
1971,1723 RACHAEL ST
1972,1721 RACHAEL ST
1973,9343 JAMISON AVE
1974,9345 JAMISON AVE
1975,9347 JAMISON AVE
1976,9349 JAMISON AVE
1977,9351 JAMISON AVE
1978,9353 JAMISON AVE
1979,9355 JAMISON AVE
1980,1510 STONEY LN
1981,1508 STONEY LN
1982,1506 STONEY LN
1983,1504 STONEY LN
1984,1502 STONEY LN
1985,1500 STONEY LN
1986,1571 STONEY LN
1987,9371 NEIL RD
1988,9373 NEIL RD
1989,9375 NEIL RD
1990,9381 NEIL RD
1991,9383 NEIL RD
1992,9385 NEIL RD
1993,9387 NEIL RD
1994,809 RED LION RD
1995,611 EDISON AVE
1996,1209-17 NORWALK RD
1997,2201 STRAHLE ST
1998,1719 RACHAEL ST
1999,1717 RACHAEL ST
2000,1715 RACHAEL ST
2001,1713 RACHAEL ST
2002,1711 RACHAEL ST
2003,1709 RACHAEL ST
2004,1707 RACHAEL ST
2005,9357 JAMISON AVE
2006,9359 JAMISON AVE
2007,9361 JAMISON AVE
2008,9363 JAMISON AVE
2009,9365 JAMISON AVE
2010,9367 JAMISON AVE
2011,1569 STONEY LN
2012,1567 STONEY LN
2013,1565 STONEY LN
2014,1563 STONEY LN
2015,1561 STONEY LN
2016,1551 STONEY LN
2017,1549 STONEY LN
2018,9389 NEIL RD
2019,9391 NEIL RD
2020,7600 E ROOSEVELT BLVD
2021,1630-90 WELSH RD
2022,9200 BLUE GRASS RD
2023,613 EDISON AVE
2024,615 EDISON AVE
2025,10201 BUSTLETON AVE
2026,300 BYBERRY RD
2027,13033 BLAKESLEE CT
2028,13035 BLAKESLEE CT
2029,1705 RACHAEL ST
2030,1703 RACHAEL ST
2031,1701 RACHAEL ST
2032,1701 SCOTCHBROOK DR
2033,1703 SCOTCHBROOK DR
2034,1705 SCOTCHBROOK DR
2035,1534 MARCY PL
2036,1532 MARCY PL
2037,1530 MARCY PL
2038,1528 MARCY PL
2039,1526 MARCY PL
2040,1524 MARCY PL
2041,1522 MARCY PL
2042,1547 STONEY LN
2043,1545 STONEY LN
2044,1543 STONEY LN
2045,1541 STONEY LN
2046,1539 STONEY LN
2047,1537 STONEY LN
2048,1535 STONEY LN
2049,813 RED LION RD
2050,12021 BUSTLETON AVE
2051,13037 BLAKESLEE CT
2052,13039 BLAKESLEE CT
2053,1220 NORWALK RD
2054,1707 SCOTCHBROOK DR
2055,1709 SCOTCHBROOK DR
2056,1711 SCOTCHBROOK DR
2057,1713 SCOTCHBROOK DR
2058,1715 SCOTCHBROOK DR
2059,9232 JAMISON AVE
2060,9234 JAMISON AVE
2061,1520 MARCY PL
2062,1518 MARCY PL
2063,1516 MARCY PL
2064,1514 MARCY PL
2065,1512 MARCY PL
2066,1510 MARCY PL
2067,1508 MARCY PL
2068,1533 STONEY LN
2069,1531 STONEY LN
2070,1529 STONEY LN
2071,1527 STONEY LN
2072,1525 STONEY LN
2073,1523 STONEY LN
2074,1521 STONEY LN
2075,13675 PHILMONT AVE
2076,9236 JAMISON AVE
2077,9238 JAMISON AVE
2078,9240 JAMISON AVE
2079,9242 JAMISON AVE
2080,9244 JAMISON AVE
2081,9246 JAMISON AVE
2082,9268 JAMISON AVE
2083,1506 MARCY PL
2084,1504 MARCY PL
2085,1502 MARCY PL
2086,1500 MARCY PL
2087,1535 MARCY PL
2088,1533 MARCY PL
2089,1531 MARCY PL
2090,1519 STONEY LN
2091,1517 STONEY LN
2092,1515 STONEY LN
2093,1513 STONEY LN
2094,1511 STONEY LN
2095,1507-09 STONEY LN
2096,1503-05 STONEY LN
2097,2101 WELSH RD
2098,9270 JAMISON AVE
2099,9272 JAMISON AVE
2100,9274 JAMISON AVE
2101,9276 JAMISON AVE
2102,9278 JAMISON AVE
2103,9300 JAMISON AVE
2104,9302 JAMISON AVE
2105,1529 MARCY PL
2106,1519 MARCY PL
2107,1517 MARCY PL
2108,1515 MARCY PL
2109,1513 MARCY PL
2110,1511 MARCY PL
2111,1509 MARCY PL
2112,1507 MARCY PL
2113,1501 STONEY LN
2114,9300 NEIL RD
2115,9302 NEIL RD
2116,9304 NEIL RD
2117,9306 NEIL RD
2118,9308 NEIL RD
2119,9310 NEIL RD
2120,2628 WELSH RD
2121,2131 WELSH RD
2122,9304 JAMISON AVE
2123,9306 JAMISON AVE
2124,9308 JAMISON AVE
2125,9310 JAMISON AVE
2126,9312 JAMISON AVE
2127,9314 JAMISON AVE
2128,9316 JAMISON AVE
2129,1505 MARCY PL
2130,1503 MARCY PL
2131,1501 MARCY PL
2132,1558 GREGG ST
2133,1554-56 GREGG ST
2134,1550-52 GREGG ST
2135,1548 GREGG ST
2136,9312 NEIL RD
2137,9314 NEIL RD
2138,9316 NEIL RD
2139,9318 NEIL RD
2140,9320 NEIL RD
2141,9322 NEIL RD
2142,13085R BUSTLETON AVE
2143,9712-26 BUSTLETON AVE
2144,290 BYBERRY RD
2145,9318 JAMISON AVE
2146,9320 JAMISON AVE
2147,9322 JAMISON AVE
2148,9324 JAMISON AVE
2149,9326 JAMISON AVE
2150,9328 JAMISON AVE
2151,9330 JAMISON AVE
2152,1546 GREGG ST
2153,1544 GREGG ST
2154,1542 GREGG ST
2155,1540 GREGG ST
2156,1538 GREGG ST
2157,1536 GREGG ST
2158,9324 NEIL RD
2159,9326 NEIL RD
2160,9328 NEIL RD
2161,9330 NEIL RD
2162,9332 NEIL RD
2163,9334 NEIL RD
2164,9336 NEIL RD
2165,4727 WALNUT ST
2166,9332 JAMISON AVE
2167,9334 JAMISON AVE
2168,9336 JAMISON AVE
2169,9338 JAMISON AVE
2170,9340 JAMISON AVE
2171,9342 JAMISON AVE
2172,1534 GREGG ST
2173,1532 GREGG ST
2174,1530 GREGG ST
2175,1528 GREGG ST
2176,1526 GREGG ST
2177,1524 GREGG ST
2178,1522 GREGG ST
2179,9338-40 NEIL RD
2180,9342-44 NEIL RD
2181,9346 NEIL RD
2182,9348 NEIL RD
2183,9350 NEIL RD
2184,9352 NEIL RD
2185,9354 NEIL RD
2186,5103 CHANCELLOR ST
2187,9344 JAMISON AVE
2188,9346 JAMISON AVE
2189,9201 JAMISON AVE
2190,9203 JAMISON AVE
2191,9205 JAMISON AVE
2192,9207 JAMISON AVE
2193,9209 JAMISON AVE
2194,1520 GREGG ST
2195,1518 GREGG ST
2196,1516 GREGG ST
2197,1514 GREGG ST
2198,1512 GREGG ST
2199,1510 GREGG ST
2200,9356 NEIL RD
2201,9358 NEIL RD
2202,9360 NEIL RD
2203,9362 NEIL RD
2204,9364 NEIL RD
2205,9366 NEIL RD
2206,9368 NEIL RD
2207,2089 WELSH RD
2208,9323 BANES ST
2209,9325 BANES ST
2210,9327 BANES ST
2211,9329 BANES ST
2212,9331 BANES ST
2213,9333 BANES ST
2214,9211 JAMISON AVE
2215,9213 JAMISON AVE
2216,9215 JAMISON AVE
2217,9217 JAMISON AVE
2218,9219-21 JAMISON AVE
2219,9223-25 JAMISON AVE
2220,1508 GREGG ST
2221,1506 GREGG ST
2222,1504 GREGG ST
2223,1502 GREGG ST
2224,1500 GREGG ST
2225,1539 GREGG ST
2226,1537 GREGG ST
2227,9370 NEIL RD
2228,9372 NEIL RD
2229,9374 NEIL RD
2230,9376 NEIL RD
2231,9378-80 NEIL RD
2232,9382-84 NEIL RD
2233,9386 NEIL RD
2234,600 EDISON AVE
2235,9335 BANES ST
2236,9337 BANES ST
2237,9339 BANES ST
2238,9341 BANES ST
2239,9343 BANES ST
2240,9345 BANES ST
2241,9347 BANES ST
2242,9227 JAMISON AVE
2243,9229 JAMISON AVE
2244,9231 JAMISON AVE
2245,9233 JAMISON AVE
2246,9235 JAMISON AVE
2247,9237 JAMISON AVE
2248,9239 JAMISON AVE
2249,1535 GREGG ST
2250,1533 GREGG ST
2251,1531 GREGG ST
2252,1529 GREGG ST
2253,1527 GREGG ST
2254,1523-25 GREGG ST
2255,1519-21 GREGG ST
2256,9388 NEIL RD
2257,9390 NEIL RD
2258,9392 NEIL RD
2259,9394 NEIL RD
2260,9301 NEIL RD
2261,9303 NEIL RD
2262,9305 NEIL RD
2263,9349 BANES ST
2264,9351 BANES ST
2265,9353 BANES ST
2266,1718 TRACEY ST
2267,1716 TRACEY ST
2268,1714 TRACEY ST
2269,1712 TRACEY ST
2270,1710 TRACEY ST
2271,9241 JAMISON AVE
2272,9243 JAMISON AVE
2273,9245 JAMISON AVE
2274,9247 JAMISON AVE
2275,9249 JAMISON AVE
2276,9251-53 JAMISON AVE
2277,9255-57 JAMISON AVE
2278,1517 GREGG ST
2279,1515 GREGG ST
2280,1513 GREGG ST
2281,1511 GREGG ST
2282,1509 GREGG ST
2283,1507 GREGG ST
2284,1505 GREGG ST
2285,9307-09 NEIL RD
2286,9311-13 NEIL RD
2287,9315 NEIL RD
2288,9317 NEIL RD
2289,9319 NEIL RD
2290,9321 NEIL RD
2291,9323 NEIL RD
2292,3600 CONSHOHOCKEN AVE
2293,6816-18 ALGON AVE
2294,6820-22 ALGON AVE
2295,6824-26 ALGON AVE
2296,719 S 16TH ST
2297,2107 CATHARINE ST
2298,1538 CHRISTIAN ST
2299,1516 CATHARINE ST
2300,1352 SOUTH ST
2301,2203 FITZWATER ST
2302,2211 SOUTH ST
2303,1546 SOUTH ST
2304,1833 CHRISTIAN ST
2305,2101 KIMBALL ST
2306,1017 S 20TH ST
2307,1019 S 20TH ST
2308,1021 S 20TH ST
2309,600 S 24TH ST
2310,2042-46 AMBER ST
2311,2221 CORAL ST
2312,2013 E SUSQUEHANNA AVE
2313,2130 E SERGEANT ST
2314,1603 ELLSWORTH ST
2315,2311 ELLSWORTH ST
2316,1154 S 15TH ST
2317,1206 S 17TH ST
2318,1156 S 15TH ST
2319,1341 S 20TH ST
2320,1343 S 20TH ST
2321,2501 S ISEMINGER ST
2322,2127 S 06TH ST
2323,2015-35 S HUTCHINSON ST
2324,4617 PINE ST
2325,4821 FLORENCE AVE
2326,4742 PINE ST
2327,800 N 48TH ST
2328,820-24 N 3RD ST
2329,211 N CAMAC ST
2330,929 N 02ND ST
2331,1213 NOBLE ST
2332,1215 NOBLE ST
2333,3900 FORD RD
2334,6828-30 ALGON AVE
2335,6832-34 ALGON AVE
2336,6836-38 ALGON AVE
2337,500 REGATTA DR
2338,2700-14 SOUTH ST
2339,1747 CHRISTIAN ST
2340,2213 SOUTH ST
2341,511 S 21ST ST
2342,1614 CHRISTIAN ST
2343,2326 SOUTH ST
2344,2332-38 CARPENTER ST
2345,1021 S 18TH ST
2346,1023 S 18TH ST
2347,752 S 19TH ST
2348,913 S 16TH ST
2349,915 S 16TH ST
2350,2555 CARPENTER ST
2351,2026 FRANKFORD AVE
2352,2024-26 E FLETCHER ST
2353,2006-10 FRANKFORD AVE
2354,1345 S 20TH ST
2355,2046 FEDERAL ST
2356,2352 FEDERAL ST
2357,1523 ELLSWORTH ST
2358,1003-05 S 46TH ST
2359,125-27 N 4TH ST
2360,1217 NOBLE ST
2361,1219 NOBLE ST
2362,1221 NOBLE ST
2363,413-15 WALLACE ST
2364,2053 CHRISTIAN ST
2365,2016 CHRISTIAN ST
2366,2018 CHRISTIAN ST
2367,2400 CATHARINE ST
2368,2015 CHRISTIAN ST
2369,2017 CHRISTIAN ST
2370,2035 CHRISTIAN ST
2371,751 S 19TH ST
2372,2015 FITZWATER ST
2373,1610 CHRISTIAN ST
2374,764 S 23RD ST
2375,1025 S 20TH ST
2376,2328 CATHARINE ST
2377,1001 S 17TH ST
2378,1010 S 18TH ST
2379,2131 E FIRTH ST
2380,2450 FRANKFORD AVE
2381,2015 BLAIR ST
2382,2017 BLAIR ST
2383,1332 S BOUVIER ST
2384,1336 S BOUVIER ST
2385,1822 FEDERAL ST
2386,1814 FEDERAL ST
2387,1610-12 TITAN ST
2388,2510 FEDERAL ST
2389,1008-10 S 48TH ST
2390,911 N 19TH ST
2391,909 N 19TH ST
2392,1701 POPLAR ST
2393,907 N 19TH ST
2394,900 N 16TH ST
2395,47-49 N 2ND ST
2396,817 N LAWRENCE ST
2397,224 N CAMAC ST
2398,2020 CHRISTIAN ST
2399,2022 CHRISTIAN ST
2400,2024 CHRISTIAN ST
2401,2026 CHRISTIAN ST
2402,709 S 23RD ST
2403,626 S 16TH ST
2404,811 S 20TH ST
2405,1902 CHRISTIAN ST
2406,2411 CHRISTIAN ST
2407,2339 CATHARINE ST
2408,1822 SOUTH ST
2409,1025 S 18TH ST
2410,2113 CARPENTER ST
2411,2232 CATHARINE ST
2412,1825 CARPENTER ST
2413,1634 FITZWATER ST
2414,2019 BLAIR ST
2415,2256 DICKINSON ST
2416,2438 FEDERAL ST
2417,2440 FEDERAL ST
2418,2442 FEDERAL ST
2419,2444 FEDERAL ST
2420,2446 FEDERAL ST
2421,2448 FEDERAL ST
2422,902 N 16TH ST
2423,904 N 16TH ST
2424,906 N 16TH ST
2425,239 CHESTNUT ST
2426,110-12 NAUDAIN ST
2427,112 MARKET ST
2428,306 YORK AVE
2429,343 N FRONT ST
2430,818 N 04TH ST
2431,727 S 22ND ST
2432,1930 LOMBARD ST
2433,2109 CATHARINE ST
2434,909 S 20TH ST
2435,723-27 S 17TH ST
2436,2115 CARPENTER ST
2437,1001 S 18TH ST
2438,1820 SOUTH ST
2439,1515 CARPENTER ST
2440,2103 CARPENTER ST
2441,1542 CHRISTIAN ST
2442,1803 CARPENTER ST
2443,726 S 18TH ST
2444,1624 CATHARINE ST
2445,621-23 S 24TH ST
2446,2512 FRANKFORD AVE
2447,2514 FRANKFORD AVE
2448,2032-34 FRANKFORD AVE
2449,2068 E BOSTON ST
2450,2450 FEDERAL ST
2451,2452 FEDERAL ST
2452,2454 FEDERAL ST
2453,1253 S 28TH ST
2454,2605-07 FEDERAL ST
2455,1743 CAMBRIDGE ST
2456,908 N 16TH ST
2457,1637-39 POPLAR ST
2458,1241 BUTTONWOOD ST
2459,600 COMMODORE CT
2460,100 ADMIRALS WAY
2461,1814 CHRISTIAN ST
2462,1816 CHRISTIAN ST
2463,1818 CHRISTIAN ST
2464,2102 CHRISTIAN ST
2465,1834 CHRISTIAN ST
2466,755 S 20TH ST
2467,1705 CARPENTER ST
2468,1707 CARPENTER ST
2469,2549 GRAYS FERRY AVE
2470,1605 CHRISTIAN ST
2471,2603 E HAGERT ST
2472,2605 E HAGERT ST
2473,2102 BERGES ST
2474,2529-35 FRANKFORD AVE
2475,2645 FEDERAL ST
2476,1241 S 24TH ST
2477,1230 S 27TH ST
2478,1901 WHARTON ST
2479,1534 POINT BREEZE AVE
2480,4511 PINE ST
2481,4513 PINE ST
2482,501-07 VINE ST
2483,303-05 S 11TH ST
2484,345 N FRONT ST
2485,500-06 WALNUT ST
2486,700 COMMODORE CT
2487,2112 CHRISTIAN ST
2488,1007 S 19TH ST
2489,1909 CHRISTIAN ST
2490,1917 CHRISTIAN ST
2491,1601-05 SOUTH ST
2492,1619 CARPENTER ST
2493,1621 CARPENTER ST
2494,1623 CARPENTER ST
2495,2000 KIMBALL ST
2496,1729 CARPENTER ST
2497,1821 CARPENTER ST
2498,1002 S 17TH ST
2499,2023 E SUSQUEHANNA AVE
2500,2012-18 FRANKFORD AVE
2501,4515 PINE ST
2502,4517 PINE ST
2503,600 S 49TH ST
2504,1733 RIDGE AVE
2505,1731-33 CAMBRIDGE ST
2506,926 N 15TH ST
2507,512-14 S FRONT ST
2508,1 ACADEMY CIR
2509,1923 CHRISTIAN ST
2510,1925 CHRISTIAN ST
2511,1927 CHRISTIAN ST
2512,1641 CHRISTIAN ST
2513,1843 CHRISTIAN ST
2514,903 S 20TH ST
2515,1004 S 17TH ST
2516,1006 S 17TH ST
2517,1008 S 17TH ST
2518,1018 S 17TH ST
2519,1735 CARPENTER ST
2520,1733 CARPENTER ST
2521,1940 E YORK ST
2522,2028 FRANKFORD AVE
2523,1910-16 E HAGERT ST
2524,349 S 47TH ST
2525,1731 RIDGE AVE
2526,1509 SEYBERT ST
2527,909 N 15TH ST
2528,1825 GINNODO ST
2529,912 N 16TH ST
2530,516 S FRONT ST
2531,142 N 2ND ST
2532,109-11 CHURCH ST
2533,1 SURGEON GENERAL CT
2534,1 ADMIRALS WAY
2535,2351 CHRISTIAN ST
2536,2114 CHRISTIAN ST
2537,1745 SOUTH ST
2538,1815 BAINBRIDGE ST
2539,1731 CARPENTER ST
2540,1524 CATHARINE ST
2541,605-07 S 16TH ST
2542,1832 E HUNTINGDON ST
2543,1904 E HAGERT ST
2544,351 S 47TH ST
2545,910 N 16TH ST
2546,1517 CAMBRIDGE ST
2547,1616 CAMBRIDGE ST
2548,1618 CAMBRIDGE ST
2549,1620 CAMBRIDGE ST
2550,225 POPLAR ST
2551,223 POPLAR ST
2552,138 RACE ST
2553,138-40 N FRONT ST
2554,620 N 03RD ST
2555,800 ADMIRALS WAY
2556,2106 SOUTH ST
2557,1531 BAINBRIDGE ST
2558,2338 FITZWATER ST
2559,1509 CHRISTIAN ST
2560,1702 CHRISTIAN ST
2561,1012 S 17TH ST
2562,1010 S 17TH ST
2563,1014 S 17TH ST
2564,1016 S 17TH ST
2565,2100 CARPENTER ST
2566,1906 E HAGERT ST
2567,2200 E GORDON ST
2568,1811 N 33RD ST
2569,1409-13 N 76TH ST
2570,4643 PINE ST
2571,1622 CAMBRIDGE ST
2572,1624 CAMBRIDGE ST
2573,1626 CAMBRIDGE ST
2574,1628 CAMBRIDGE ST
2575,1630 CAMBRIDGE ST
2576,1310 N 18TH ST
2577,126 CHESTNUT ST
2578,1343 LOMBARD ST
2579,233 CHESTNUT ST
2580,233 POPLAR ST
2581,1335 SOUTH ST
2582,1342 RODMAN ST
2583,2124 CHRISTIAN ST
2584,2121 CHRISTIAN ST
2585,2123 CHRISTIAN ST
2586,2125 CHRISTIAN ST
2587,2127 CHRISTIAN ST
2588,1918 CATHARINE ST
2589,2432 CHRISTIAN ST
2590,2545 MONTROSE ST
2591,2549 MONTROSE ST
2592,4637 PINE ST
2593,1249 N 17TH ST
2594,1213 N 15TH ST
2595,1508 CAMBRIDGE ST
2596,1510 CAMBRIDGE ST
2597,1512 CAMBRIDGE ST
2598,1514 CAMBRIDGE ST
2599,1516 CAMBRIDGE ST
2600,813-17 N 5TH ST
2601,912 N 2ND ST
2602,410 S FRONT ST
2603,528 S 05TH ST
2604,727 S 50TH ST
2605,900 S 51ST ST
2606,1643 CHRISTIAN ST
2607,2121 CARPENTER ST
2608,2132 CATHARINE ST
2609,922 S 15TH ST
2610,1001 S 20TH ST
2611,749 S 19TH ST
2612,2553 MONTROSE ST
2613,2132 CHRISTIAN ST
2614,2551 TRENTON AVE
2615,1716 CAMBRIDGE ST
2616,800-20 N 48TH ST
2617,1109 SPRUCE ST
2618,921 N 4TH ST
2619,510 S 7TH ST
2620,5037 FLORENCE AVE
2621,756 S 15TH ST
2622,1826 CHRISTIAN ST
2623,1836 CHRISTIAN ST
2624,1729 CHRISTIAN ST
2625,2001 CARPENTER ST
2626,2024R UPLAND WAY
2627,4631 PINE ST
2628,451 FAIRMOUNT AVE
2629,319 S JUNIPER ST
2630,26 N 3RD ST
2631,211 GREEN ST
2632,744 S 22ND ST
2633,1914 CHRISTIAN ST
2634,1916 CHRISTIAN ST
2635,2100 CHRISTIAN ST
2636,1514-16 SOUTH ST
2637,1926 SOUTH ST
2638,1708 CHRISTIAN ST
2639,753 S 17TH ST
2640,4625 PINE ST
2641,512 S 3RD ST
2642,115 BROWN ST
2643,1017 ARCH ST
2644,1918 CHRISTIAN ST
2645,1920 CHRISTIAN ST
2646,1922 CHRISTIAN ST
2647,1926 CHRISTIAN ST
2648,1928 CHRISTIAN ST
2649,1930 CHRISTIAN ST
2650,1936 CHRISTIAN ST
2651,755 S 17TH ST
2652,1517 BAINBRIDGE ST
2653,2231 CARPENTER ST
2654,1910 CHRISTIAN ST
2655,2135 E SUSQUEHANNA AVE
2656,4621 PINE ST
2657,813 N ORIANNA ST
2658,815 N ORIANNA ST
2659,834 N 4TH ST
2660,725 CHESTNUT ST
2661,6808-10 ALGON AVE
2662,6812-14 ALGON AVE
2663,1938 CHRISTIAN ST
2664,1940 CHRISTIAN ST
2665,2342 FITZWATER ST
2666,2531 LOMBARD ST
2667,922-24 S 16TH ST
2668,1000 S 22ND ST
2669,2241 FITZWATER ST
2670,1544 SOUTH ST
2671,2146 E SUSQUEHANNA AVE
2672,2601 E HAGERT ST
2673,1222-24 S BROAD ST
2674,1311-15 S CARLISLE ST
2675,3343 CONRAD ST
2676,912 NEW MARKET ST
2677,1211 NOBLE ST
2678,946-48 N 2ND ST
2679,118-20 LAUREL ST
2680,500 ADMIRALS WAY
2681,1617-27 HOPE ST
2682,1244 N FRONT ST
2683,1305 HOPE ST
2684,1326-28 N 05TH ST
2685,7302 CRESHEIM RD
2686,115 ROUMFORT RD
2687,6100 HENRY AVE
2688,4000 GYPSY LN
2689,251 SHAWMONT AVE
2690,253 SHAWMONT AVE
2691,255 SHAWMONT AVE
2692,9117 AYRDALECRESCENT ST
2693,9119 AYRDALECRESCENT ST
2694,9121 AYRDALECRESCENT ST
2695,9123 AYRDALECRESCENT ST
2696,9125 AYRDALECRESCENT ST
2697,9127 AYRDALECRESCENT ST
2698,6901-29 VALLEY AVE
2699,3849 TERRACE ST
2700,2 LEVERINGTON AVE
2701,182 GAY ST
2702,204 SUMAC ST
2703,6214 WISSAHICKON AVE
2704,4601 FLAT ROCK RD
2705,6655 MC CALLUM ST
2706,370 W JOHNSON ST
2707,4200 PINE ST
2708,2014 CAMBRIDGE ST
2709,1238 N 28TH ST
2710,2104 SOUTH ST
2711,2116 SOUTH ST
2712,2305-11 SOUTH ST
2713,1 CAPTAINS WAY
2714,158 W THOMPSON ST
2715,257 SHAWMONT AVE
2716,259 SHAWMONT AVE
2717,261 SHAWMONT AVE
2718,263 SHAWMONT AVE
2719,7923-31 RIDGE AVE
2720,428 W ELLET ST
2721,520-28 CARPENTER LA
2722,912 N 20TH ST
2723,1908 CAMBRIDGE ST
2724,705-07 S 20TH ST
2725,700 CAPTAINS WAY
2726,113 MASTER ST
2727,1764-68 HOPE ST
2728,1838 FRANKFORD AVE
2729,8 REX AVE
2730,265 SHAWMONT AVE
2731,267 SHAWMONT AVE
2732,269 SHAWMONT AVE
2733,4300 SPRUCE ST
2734,1234-40 N 30TH ST
2735,2001 POPLAR ST
2736,1210 N 27TH ST
2737,1213 N 28TH ST
2738,2138-42 LOMBARD ST
2739,2012 SOUTH ST
2740,1620 SOUTH ST
2741,1840 FRANKFORD AVE
2742,1842 FRANKFORD AVE
2743,1844 FRANKFORD AVE
2744,1846 FRANKFORD AVE
2745,1848 FRANKFORD AVE
2746,1839-47 BLAIR ST
2747,14 NEWTON ST
2748,271 SHAWMONT AVE
2749,273 SHAWMONT AVE
2750,275 SHAWMONT AVE
2751,400-14 W HORTTER ST
2752,3200 SUMMER ST
2753,1223 N 28TH ST
2754,1225-27 N 28TH ST
2755,2536 W GIRARD AVE
2756,1922 W GIRARD AVE
2757,528 S 19TH ST
2758,2619-25 SOUTH ST
2759,325 E ALLEN ST
2760,1309 N HOWARD ST
2761,117 W THOMPSON ST
2762,319 E ALLEN ST
2763,1501 N 02ND ST
2764,1501 N 2ND ST
2765,1659 N RANDOLPH ST
2766,1640 N 05TH CT
2767,8708 PROSPECT AVE
2768,277 SHAWMONT AVE
2769,279 SHAWMONT AVE
2770,281 SHAWMONT AVE
2771,283 SHAWMONT AVE
2772,401 SHAWMONT AVE
2773,403 SHAWMONT AVE
2774,3708 HAVERFORD AVE
2775,3132-48 E THOMPSON ST
2776,426 S 44TH ST
2777,4620 KINGSESSING AVE
2778,17 S 44TH ST
2779,46 S 44TH ST
2780,1220 N 28TH ST
2781,1218 N 30TH ST
2782,2538 W GIRARD AVE
2783,1230 N 27TH ST
2784,1211 N 27TH ST
2785,1908 RODMAN ST
2786,1404-10 PEMBERTON ST
2787,1500-10 PALETHORP ST
2788,1642 N 05TH CT
2789,1516 MASCHER ST
2790,1518 MASCHER ST
2791,1520 MASCHER ST
2792,1522 MASCHER ST
2793,1246 N HANCOCK ST
2794,1638 N 02ND ST
2795,285 SHAWMONT AVE
2796,287 SHAWMONT AVE
2797,289 SHAWMONT AVE
2798,405 SHAWMONT AVE
2799,407 SHAWMONT AVE
2800,3750-78 MAIN ST
2801,3029 RICHMOND ST
2802,3020 RICHMOND ST
2803,1215 N 25TH ST
2804,2716 W CABOT ST
2805,2713 W STILES ST
2806,2003 CAMBRIDGE ST
2807,1223 N 30TH ST
2808,1205 N 25TH ST
2809,227-29 W THOMPSON ST
2810,1512 FRANKFORD AVE
2811,1640 N 02ND ST
2812,1532 N 04TH ST
2813,1841 N 02ND ST
2814,1843 N 02ND ST
2815,320 CECIL B MOORE AVE
2816,7601 CRITTENDEN ST
2817,291 SHAWMONT AVE
2818,293 SHAWMONT AVE
2819,295 SHAWMONT AVE
2820,297 SHAWMONT AVE
2821,409 SHAWMONT AVE
2822,411 SHAWMONT AVE
2823,413 SHAWMONT AVE
2824,1248 N 25TH ST
2825,1250 N 25TH ST
2826,1223 N 25TH ST
2827,1214 N 27TH ST
2828,2245 W THOMPSON ST
2829,1418 GERMANTOWN AVE
2830,1305 N 6TH ST
2831,1514-16 FRANKFORD AVE
2832,1500-06 N AMERICAN ST
2833,1329 MASCHER ST
2834,299 SHAWMONT AVE
2835,301 SHAWMONT AVE
2836,303 SHAWMONT AVE
2837,415 SHAWMONT AVE
2838,417 SHAWMONT AVE
2839,419 SHAWMONT AVE
2840,6635 MC CALLUM ST
2841,2711 JEFFERSON ST
2842,1325 N MARSTON ST
2843,1220 N 27TH ST
2844,1220 N ETTING ST
2845,1519 N 28TH ST
2846,506 S 17TH ST
2847,508 S 17TH ST
2848,1518 FRANKFORD AVE
2849,1420 GERMANTOWN AVE
2850,1422 GERMANTOWN AVE
2851,1775 FRANKFORD AVE
2852,1647 E EYRE ST
2853,1649 E EYRE ST
2854,305 SHAWMONT AVE
2855,307 SHAWMONT AVE
2856,309 SHAWMONT AVE
2857,421 SHAWMONT AVE
2858,423 SHAWMONT AVE
2859,425 SHAWMONT AVE
2860,1710 LOMBARD ST
2861,1712 LOMBARD ST
2862,1714 LOMBARD ST
2863,1716 LOMBARD ST
2864,1932 SOUTH ST
2865,1934 SOUTH ST
2866,106-12 JEFFERSON ST
2867,1524 N 2ND ST
2868,1767 FRANKFORD AVE
2869,1651 E EYRE ST
2870,1405-21 FRANKFORD AVE
2871,311 SHAWMONT AVE
2872,313 SHAWMONT AVE
2873,315 SHAWMONT AVE
2874,427 SHAWMONT AVE
2875,429 SHAWMONT AVE
2876,431 SHAWMONT AVE
2877,219 KRAMS AVE
2878,2110-12 SOUTH ST
2879,1707 NAUDAIN ST
2880,1319-21 N 06TH ST
2881,1350R N HOWARD ST
2882,317 SHAWMONT AVE
2883,319 SHAWMONT AVE
2884,321 SHAWMONT AVE
2885,433 SHAWMONT AVE
2886,435 SHAWMONT AVE
2887,374 SHURS LN
2888,535 GERHARD ST
2889,6148 RIDGE AVE
2890,7220 RIDGE AVE
2891,2005 SOUTH ST
2892,2007 SOUTH ST
2893,1644 LOMBARD ST
2894,2501 CHRISTIAN ST
2895,1431 N 05TH ST
2896,1252 PALETHORP ST
2897,1123 E SUSQUEHANNA AVE
2898,1501 N 07TH ST
2899,1503 N 07TH ST
2900,1505 N 07TH ST
2901,1619 N MARSHALL ST
2902,1419 N 07TH ST
2903,1527 N 07TH ST
2904,611-15 ROXBOROUGH AVE
2905,323 SHAWMONT AVE
2906,325 SHAWMONT AVE
2907,327 SHAWMONT AVE
2908,4636 UMBRIA ST
2909,410 SHURS LN
2910,1213 N 05TH ST
2911,1215 N 05TH ST
2912,1217 N 05TH ST
2913,1219 N 05TH ST
2914,1221 N 05TH ST
2915,1223 N 05TH ST
2916,1225 N 05TH ST
2917,1404 GERMANTOWN AVE
2918,1768 FRANKFORD AVE
2919,1135 CREASE ST
2920,631 W OXFORD ST
2921,1506 N 07TH ST
2922,1532 N 07TH ST
2923,1421 N 07TH ST
2924,329 SHAWMONT AVE
2925,331 SHAWMONT AVE
2926,333 SHAWMONT AVE
2927,2000 NAUDAIN ST
2928,1227 N 05TH ST
2929,1229 N 05TH ST
2930,1231 N 05TH ST
2931,1233 N 05TH ST
2932,1235 N 05TH ST
2933,1237 N 05TH ST
2934,1440 N FRANKLIN ST
2935,1412 N 07TH ST
2936,1524 N 08TH ST
2937,1424 N FRANKLIN ST
2938,239 SHAWMONT AVE
2939,335 SHAWMONT AVE
2940,9001 AYRDALECRESCENT ST
2941,9003 AYRDALECRESCENT ST
2942,9005 AYRDALECRESCENT ST
2943,9007 AYRDALECRESCENT ST
2944,4557 MANAYUNK AVE
2945,3863 TERRACE ST
2946,608 W PHIL ELLENA ST
2947,1239 N 05TH ST
2948,1241 N 05TH ST
2949,1214 N ORKNEY ST
2950,1216 N ORKNEY ST
2951,1218 N ORKNEY ST
2952,1747 N MARSHALL ST
2953,1513 N FRANKLIN ST
2954,1521 N FRANKLIN ST
2955,730 JEFFERSON ST
2956,1940 N 06TH ST
2957,241 SHAWMONT AVE
2958,243 SHAWMONT AVE
2959,245 SHAWMONT AVE
2960,9011 AYRDALECRESCENT ST
2961,9013 AYRDALECRESCENT ST
2962,9015 AYRDALECRESCENT ST
2963,9017 AYRDALECRESCENT ST
2964,9019 AYRDALECRESCENT ST
2965,9021 AYRDALECRESCENT ST
2966,9023 AYRDALECRESCENT ST
2967,6614-24 GERMANTOWN AVE
2968,1220 N ORKNEY ST
2969,1222 N ORKNEY ST
2970,1224 N ORKNEY ST
2971,1948 N 06TH ST
2972,1950 N 06TH ST
2973,1952 N 06TH ST
2974,247 SHAWMONT AVE
2975,249 SHAWMONT AVE
2976,9101 AYRDALECRESCENT ST
2977,9103 AYRDALECRESCENT ST
2978,9105 AYRDALECRESCENT ST
2979,9107 AYRDALECRESCENT ST
2980,9109 AYRDALECRESCENT ST
2981,9111 AYRDALECRESCENT ST
2982,9115 AYRDALECRESCENT ST
2983,4236 OSAGE AVE
2984,1932 W GIRARD AVE
2985,1925 POPLAR ST
2986,1927 POPLAR ST
2987,1931 POPLAR ST
2988,1524 N HANCOCK ST
2989,1225 SHACKAMAXON ST
2990,1227 SHACKAMAXON ST
2991,1308 HOPE ST
2992,1780 FRANKFORD AVE
2993,1311-13 N 6TH ST
2994,1231 N 2ND ST
2995,1600-18 ARCH ST
2996,511-19 N BROAD ST
2997,1012 GREEN ST
2998,631 N 13TH ST
2999,633 N 13TH ST
3000,635 N 13TH ST
3001,630 N 7TH ST
3002,703 WALLACE ST
3003,2005 WALLACE ST
3004,1724 GREEN ST
3005,631 N 20TH ST
3006,1714 GREEN ST
3007,2401 PENNSYLVANIA AVE
3008,627-37 N 18TH ST
3009,2801 PENNSYLVANIA AVE
3010,1717 GREEN ST
3011,2336 FAIRMOUNT AVE
3012,2334 FAIRMOUNT AVE
3013,2332 FAIRMOUNT AVE
3014,2330 FAIRMOUNT AVE
3015,2349 WALLACE ST
3016,2347 WALLACE ST
3017,1521 BROWN ST
3018,724 N 16TH ST
3019,1836 GREEN ST
3020,613 N 18TH ST
3021,823 N 15TH ST
3022,1722 MOUNT VERNON ST
3023,703-05 N 18TH ST
3024,753-55 N 20TH ST
3025,734 N 19TH ST
3026,843 N 15TH ST
3027,841 N 15TH ST
3028,801-03 N 16TH ST
3029,1221 SHACKAMAXON ST
3030,1233 N 2ND ST
3031,1253-55 MASCHER ST
3032,1247 E COLUMBIA AVE
3033,672 PERTH PL
3034,705 WALLACE ST
3035,707 WALLACE ST
3036,709 WALLACE ST
3037,711 WALLACE ST
3038,713 WALLACE ST
3039,1716 GREEN ST
3040,1718 GREEN ST
3041,2024 GREEN ST
3042,1919 MOUNT VERNON ST
3043,1738-42 GREEN ST
3044,2345 WALLACE ST
3045,2343 WALLACE ST
3046,2341 WALLACE ST
3047,2339 WALLACE ST
3048,2337 WALLACE ST
3049,1714 WALLACE ST
3050,729 N 17TH ST
3051,2008 SPRING GARDEN ST
3052,1732-42 FAIRMOUNT AVE
3053,1815 WYLIE ST
3054,1817 WYLIE ST
3055,840 N 15TH ST
3056,823 N 20TH ST
3057,832 N 16TH ST
3058,1917 BROWN ST
3059,819 N UBER ST
3060,636 BELGRADE ST
3061,1325 FRANKFORD AVE
3062,1714 MEMPHIS ST
3063,327 E ALLEN ST
3064,316 RICHMOND ST
3065,674 PERTH PL
3066,676 PERTH PL
3067,731 MELON PL
3068,704 NORTH TER
3069,1001 N MARSHALL ST
3070,631 N 12TH ST
3071,622 N 12TH ST
3072,2026 GREEN ST
3073,2032 GREEN ST
3074,2009 WALLACE ST
3075,1800 GREEN ST
3076,2231 GREEN ST
3077,1710 WALLACE ST
3078,559 N 20TH ST
3079,1625 OGDEN ST
3080,1623 RIDGE AVE
3081,714-24 N CHADWICK ST
3082,1924 POPLAR ST
3083,1509 RIDGE AVE
3084,806 N 15TH ST
3085,1301 N 6TH ST
3086,321 E ALLEN ST
3087,323 E ALLEN ST
3088,1510 FRANKFORD AVE
3089,1234 HAMILTON ST
3090,733 MELON PL
3091,735 MELON PL
3092,1217-19 MOUNT VERNON ST
3093,603 N 12TH ST
3094,605 N 12TH ST
3095,1109 LEMON ST
3096,1022-24 FAIRMOUNT AVE
3097,2229 GREEN ST
3098,630-32 N 17TH ST
3099,1910 FAIRMOUNT AVE
3100,1914 FAIRMOUNT AVE
3101,2043 MOUNT VERNON ST
3102,1906 FAIRMOUNT AVE
3103,1719-21 WALLACE ST
3104,1901 GREEN ST
3105,1733 WALLACE ST
3106,853 N UBER ST
3107,855 N UBER ST
3108,742 N 19TH ST
3109,2026 OGDEN ST
3110,1522 BROWN ST
3111,1746 WYLIE ST
3112,1342 E BERKS ST
3113,1346 E BERKS ST
3114,1350 E BERKS ST
3115,1232 N RANDOLPH ST
3116,737 MELON PL
3117,721 MELON PL
3118,1211 MOUNT VERNON ST
3119,1314 N 6TH ST
3120,679 N 11TH ST
3121,1205-07 MOUNT VERNON ST
3122,1902 FAIRMOUNT AVE
3123,1703 WALLACE ST
3124,1705 WALLACE ST
3125,1704 WALLACE ST
3126,2137-39 GREEN ST
3127,2320 WALLACE PL
3128,1903-05 GREEN ST
3129,865 N UBER ST
3130,1629 FAIRMOUNT AVE
3131,2810 POPLAR ST
3132,1832 GREEN ST
3133,842 N 15TH ST
3134,1416 PARRISH ST
3135,1519 OGDEN ST
3136,1625-31 RIDGE AVE
3137,1716 FOLSOM ST
3138,1242-44 E SUSQUEHANNA AVE
3139,1219 N RANDOLPH ST
3140,1246-54 E MONTGOMERY AVE
3141,723 MELON PL
3142,631 BEULAH PL
3143,633 BEULAH PL
3144,1217 GREEN ST
3145,1105 MOUNT VERNON ST
3146,618 N 11TH ST
3147,546 N 12TH ST
3148,622 N 11TH ST
3149,620 N 11TH ST
3150,1708 WALLACE ST
3151,1712 WALLACE ST
3152,1929 WALLACE ST
3153,825 N 29TH ST
3154,865 N 29TH ST
3155,1527 FAIRMOUNT AVE
3156,1529 FAIRMOUNT AVE
3157,1531 FAIRMOUNT AVE
3158,1718 FOLSOM ST
3159,1720 FOLSOM ST
3160,1724 FOLSOM ST
3161,1434 POPLAR ST
3162,1542 OGDEN ST
3163,1230 N 5TH ST
3164,1769 FRANKFORD AVE
3165,1215 N RANDOLPH ST
3166,722 NORTH TER
3167,732 NORTH TER
3168,1100 LEMON ST
3169,624 N 11TH ST
3170,626 N 11TH ST
3171,1321 N 7TH ST
3172,547 N 12TH ST
3173,1323 N 7TH ST
3174,1716 WALLACE ST
3175,1723 WALLACE ST
3176,1729 WALLACE ST
3177,1707 WALLACE ST
3178,1723-29 FAIRMOUNT AVE
3179,1533 FAIRMOUNT AVE
3180,1535 FAIRMOUNT AVE
3181,1537 FAIRMOUNT AVE
3182,846 N 15TH ST
3183,838 N 15TH ST
3184,1538-40 OGDEN ST
3185,823 N UBER ST
3186,1203-15 N 3RD ST
3187,734 NORTH TER
3188,736 NORTH TER
3189,986-88 N MARSHALL ST
3190,1329 N FRANKLIN ST
3191,1023 MOUNT VERNON ST
3192,1325 N 7TH ST
3193,1731 WALLACE ST
3194,1726 WALLACE ST
3195,2301 GREEN ST
3196,858 N 25TH ST
3197,609 N 18TH ST
3198,1727 FRANCIS ST
3199,863 N UBER ST
3200,844 N 15TH ST
3201,1436 POPLAR ST
3202,1517 BROWN ST
3203,1437 BROWN ST
3204,735 NORTH TER
3205,672 FRANKLIN PL
3206,976 N MARSHALL ST
3207,1334 N 7TH ST
3208,1336 N 7TH ST
3209,1333 N 7TH ST
3210,1728 WALLACE ST
3211,1737 WALLACE ST
3212,1709 WALLACE ST
3213,558 N 17TH ST
3214,1717 SPRING GARDEN ST
3215,844-46 N 29TH ST
3216,713 SHIRLEY ST
3217,715 SHIRLEY ST
3218,563 N 20TH ST
3219,1926 POPLAR ST
3220,802 CORINTHIAN AVE
3221,821 N 15TH ST
3222,820 BURNS ST
3223,801 N 17TH ST
3224,751 N UBER ST
3225,21 E COLUMBIA AVE
3226,1778 FRANKFORD AVE
3227,674 FRANKLIN PL
3228,732 MELON PL
3229,734 MELON PL
3230,979 N MARSHALL ST
3231,1317 N 07TH ST
3232,1319 N 7TH ST
3233,601 N 12TH ST
3234,610 N 17TH ST
3235,1715 WALLACE ST
3236,1739 WALLACE ST
3237,838 N NEWKIRK ST
3238,1621 FAIRMOUNT AVE
3239,1623 FAIRMOUNT AVE
3240,1625 FAIRMOUNT AVE
3241,1627 FAIRMOUNT AVE
3242,1619 FAIRMOUNT AVE
3243,1718-20 NORTH ST
3244,1900 POPLAR ST
3245,1930-32 PARRISH ST
3246,824 N 16TH ST
3247,1636 RIDGE AVE
3248,834 N 16TH ST
3249,1819-21 WYLIE ST
3250,1231 N 3RD ST
3251,1233 N 3RD ST
3252,1034 E COLUMBIA AVE
3253,1526-30 N 2ND ST
3254,671 FRANKLIN PL
3255,673 FRANKLIN PL
3256,1000 N MARSHALL ST
3257,970 N MARSHALL ST
3258,1327 N 07TH ST
3259,617 N 18TH ST
3260,878 PENNOCK ST
3261,876 PENNOCK ST
3262,874 PENNOCK ST
3263,872 PENNOCK ST
3264,870 PENNOCK ST
3265,870 N 28TH ST
3266,1712 GREEN ST
3267,2012 SPRING GARDEN ST
3268,1902 POPLAR ST
3269,1643 FRANCIS ST
3270,524 N 22ND ST
3271,1904 POPLAR ST
3272,1906 POPLAR ST
3273,1908 POPLAR ST
3274,713 N CAPITOL ST
3275,712 N 19TH ST
3276,717 N 17TH ST
3277,736 N 19TH ST
3278,1100-06 SHACKAMAXON ST
3279,1529-33 N PHILIP ST
3280,1800 FRANKFORD AVE
3281,1814 FRANKFORD AVE
3282,1246 FRANKFORD AVE
3283,20 E PENN ST
3284,719 NORTH TER
3285,721 NORTH TER
3286,702 FAIRMOUNT AVE
3287,1307 N 07TH ST
3288,742 MASTER ST
3289,938-40 N MARSHALL ST
3290,614 MASTER ST
3291,1335 N MARSHALL ST
3292,868 PENNOCK ST
3293,866 PENNOCK ST
3294,864 PENNOCK ST
3295,862 PENNOCK ST
3296,860 PENNOCK ST
3297,858 PENNOCK ST
3298,1826 GREEN ST
3299,1828 GREEN ST
3300,605 N 18TH ST
3301,1607 BROWN ST
3302,725 N 20TH ST
3303,713 N 20TH ST
3304,1519 BROWN ST
3305,828 N 19TH ST
3306,1734 WYLIE ST
3307,2617 BROWN ST
3308,2013 MOUNT VERNON ST
3309,1226-28 LEOPARD ST
3310,1309-11 N LAWRENCE ST
3311,110 W THOMPSON ST
3312,1535-39 N PHILIP ST
3313,1111 MOUNT VERNON ST
3314,704 FAIRMOUNT AVE
3315,706 FAIRMOUNT AVE
3316,708 FAIRMOUNT AVE
3317,710 FAIRMOUNT AVE
3318,640 N 7TH ST
3319,1005 N MARSHALL ST
3320,1804 GREEN ST
3321,1940-42 WALLACE ST
3322,1930 GREEN ST
3323,856 PENNOCK ST
3324,851 N 28TH ST
3325,853 N 28TH ST
3326,855 N 28TH ST
3327,857 N 28TH ST
3328,2701 PENNSYLVANIA AVE
3329,1830 GREEN ST
3330,829 N 29TH ST
3331,2019 SPRING GARDEN ST
3332,1834 POPLAR ST
3333,1836 POPLAR ST
3334,1500 SWAIN ST
3335,837 N 16TH ST
3336,839 N 16TH ST
3337,1606 OGDEN ST
3338,1608 OGDEN ST
3339,727 N 20TH ST
3340,1526 RIDGE AVE
3341,1125 E COLUMBIA AVE
3342,1532-36 N 2ND ST
3343,1757-59 FRANKFORD AVE
3344,715 BROWN ST
3345,713 BROWN ST
3346,711 BROWN ST
3347,709 BROWN ST
3348,707 BROWN ST
3349,705 BROWN ST
3350,1902 WALLACE ST
3351,1715 GREEN ST
3352,1713 GREEN ST
3353,2751 PENNSYLVANIA AVE
3354,1705-11 GREEN ST
3355,1913 GREEN ST
3356,2717 BROWN ST
3357,2232 GREEN ST
3358,843 N 16TH ST
3359,1732 FOLSOM ST
3360,1736 FOLSOM ST
3361,1740 FOLSOM ST
3362,1742 FOLSOM ST
3363,1744 FOLSOM ST
3364,810 BURNS ST
3365,853 N 15TH ST
3366,1541 RIDGE AVE
3367,1307 N 6TH ST
3368,1309 N 6TH ST
3369,1112 SHACKAMAXON ST
3370,1806 FRANKFORD AVE
3371,16 W THOMPSON ST
3372,703 BROWN ST
3373,701 BROWN ST
3374,1726 GREEN ST
3375,629 N 20TH ST
3376,2035 GREEN ST
3377,2033 GREEN ST
3378,1911 GREEN ST
3379,813 N 16TH ST
3380,2033 SPRING GARDEN ST
3381,847 N 16TH ST
3382,825 N 20TH ST
3383,738 N 19TH ST
3384,853 N 16TH ST
3385,1938 GREEN ST
3386,741 N 20TH ST
3387,840 N 19TH ST
3388,743 N 20TH ST
3389,826-28 N 16TH ST
3390,1301 N FRONT ST
3391,14 W THOMPSON ST
3392,18 W THOMPSON ST
3393,20 W THOMPSON ST
3394,1865 FRANKFORD AVE
3395,1401 N 2ND ST
3396,1306 HOPE ST
3397,617 N 10TH ST
3398,2020 GREEN ST
3399,2022 GREEN ST
3400,2103 GREEN ST
3401,700 PENNOCK ST
3402,2342 FAIRMOUNT AVE
3403,2340 FAIRMOUNT AVE
3404,2338 FAIRMOUNT AVE
3405,792 PENNOCK ST
3406,1702 WALLACE ST
3407,1912 SPRING GARDEN ST
3408,842 N 19TH ST
3409,853 N 20TH ST
3410,741 N 17TH ST
3411,1526 PARRISH ST
3412,731 N 20TH ST
3413,1644-46 FRANCIS ST
3414,1634 RIDGE AVE
3415,1815 FRANKFORD AVE
3416,200 ERNEST WAY
3417,5017 CONVENT LN
3418,5019 CONVENT LN
3419,5000 CONVENT LN
3420,5002 CONVENT LN
3421,8030 DITMAN ST
3422,9528 JAMES ST
3423,9530 JAMES ST
3424,9532 JAMES ST
3425,9534 JAMES ST
3426,9536 JAMES ST
3427,9538 JAMES ST
3428,3750 CLARENDON AVE
3429,3850 WOODHAVEN RD
3430,12135 ACADEMY RD
3431,2119 PINE ST
3432,2108-10 WALNUT ST
3433,5021 CONVENT LN
3434,5004 CONVENT LN
3435,9540 JAMES ST
3436,9542 JAMES ST
3437,9544 JAMES ST
3438,9546 JAMES ST
3439,9548 JAMES ST
3440,9550 JAMES ST
3441,9552 JAMES ST
3442,2108 WALNUT ST
3443,300 TYLER CT
3444,5023 CONVENT LN
3445,5025 CONVENT LN
3446,5006 CONVENT LN
3447,9554 JAMES ST
3448,9556 JAMES ST
3449,9558 JAMES ST
3450,9560 JAMES ST
3451,9562 JAMES ST
3452,9564 JAMES ST
3453,9566 JAMES ST
3454,5027 CONVENT LN
3455,5008 CONVENT LN
3456,5010 CONVENT LN
3457,9568 JAMES ST
3458,9570 JAMES ST
3459,9572 JAMES ST
3460,9574 JAMES ST
3461,9576 JAMES ST
3462,9578 JAMES ST
3463,9580 JAMES ST
3464,3333 COMLY RD
3465,5029 CONVENT LN
3466,5100 CONVENT LN
3467,5012 CONVENT LN
3468,9582 JAMES ST
3469,9584 JAMES ST
3470,9586 JAMES ST
3471,9523 JAMES ST
3472,9525 JAMES ST
3473,9527 JAMES ST
3474,9529 JAMES ST
3475,8940 KREWSTOWN RD
3476,2727 RHAWN ST
3477,5014 CONVENT LN
3478,9531 JAMES ST
3479,9533 JAMES ST
3480,9535 JAMES ST
3481,9537 JAMES ST
3482,9539 JAMES ST
3483,9541 JAMES ST
3484,9543 JAMES ST
3485,11803 ACADEMY RD
3486,11805 ACADEMY RD
3487,11807 ACADEMY RD
3488,11809 ACADEMY RD
3489,11811 ACADEMY RD
3490,11813 ACADEMY RD
3491,8950 KREWSTOWN RD
3492,5016 CONVENT LN
3493,9545 JAMES ST
3494,9547 JAMES ST
3495,9549 JAMES ST
3496,9551 JAMES ST
3497,9553 JAMES ST
3498,9555 JAMES ST
3499,9557 JAMES ST
3500,11815 ACADEMY RD
3501,11817 ACADEMY RD
3502,11819 ACADEMY RD
3503,11821 ACADEMY RD
3504,11823 ACADEMY RD
3505,11825 ACADEMY RD
3506,11827 ACADEMY RD
3507,8960 KREWSTOWN RD
3508,5018 CONVENT LN
3509,5020 CONVENT LN
3510,4948 FITLER ST
3511,4950 FITLER ST
3512,4952 FITLER ST
3513,4954 FITLER ST
3514,4956 FITLER ST
3515,4958 FITLER ST
3516,4960 FITLER ST
3517,9559 JAMES ST
3518,9561 JAMES ST
3519,9563 JAMES ST
3520,9565 JAMES ST
3521,9567 JAMES ST
3522,9569 JAMES ST
3523,9571 JAMES ST
3524,11829 ACADEMY RD
3525,11831 ACADEMY RD
3526,11833 ACADEMY RD
3527,11835 ACADEMY RD
3528,11837 ACADEMY RD
3529,11839 ACADEMY RD
3530,11841 ACADEMY RD
3531,237-47 S 18TH ST
3532,5022 CONVENT LN
3533,4962 FITLER ST
3534,4964 FITLER ST
3535,4966 FITLER ST
3536,4968 FITLER ST
3537,4970 FITLER ST
3538,9524 STATE RD
3539,9526 STATE RD
3540,9573 JAMES ST
3541,9575 JAMES ST
3542,9577 JAMES ST
3543,9579 JAMES ST
3544,9581 JAMES ST
3545,9583 JAMES ST
3546,9585 JAMES ST
3547,11843 ACADEMY RD
3548,11845 ACADEMY RD
3549,11847 ACADEMY RD
3550,11849 ACADEMY RD
3551,11851 ACADEMY RD
3552,11853 ACADEMY RD
3553,11855 ACADEMY RD
3554,5024 CONVENT LN
3555,5026 CONVENT LN
3556,9528 STATE RD
3557,9530 STATE RD
3558,9532 STATE RD
3559,9534 STATE RD
3560,9536 STATE RD
3561,9538 STATE RD
3562,9540 STATE RD
3563,11857 ACADEMY RD
3564,11859 ACADEMY RD
3565,11861 ACADEMY RD
3566,11863 ACADEMY RD
3567,11865 ACADEMY RD
3568,11867 ACADEMY RD
3569,11869 ACADEMY RD
3570,5003 CONVENT LN
3571,9542 STATE RD
3572,9544 STATE RD
3573,9546 STATE RD
3574,9548 STATE RD
3575,9550 STATE RD
3576,9552 STATE RD
3577,9554 STATE RD
3578,11871 ACADEMY RD
3579,11873 ACADEMY RD
3580,11875 ACADEMY RD
3581,11879 ACADEMY RD
3582,11881 ACADEMY RD
3583,11883 ACADEMY RD
3584,5005 CONVENT LN
3585,5007 CONVENT LN
3586,9556 STATE RD
3587,9558 STATE RD
3588,9560 STATE RD
3589,9562 STATE RD
3590,9564 STATE RD
3591,9566 STATE RD
3592,9568 STATE RD
3593,11885 ACADEMY RD
3594,11887 ACADEMY RD
3595,11889 ACADEMY RD
3596,11891 ACADEMY RD
3597,11893 ACADEMY RD
3598,11895 ACADEMY RD
3599,11897 ACADEMY RD
3600,5009 CONVENT LN
3601,9570 STATE RD
3602,9572 STATE RD
3603,9574 STATE RD
3604,9576 STATE RD
3605,9578 STATE RD
3606,9580 STATE RD
3607,9582 STATE RD
3608,5011 CONVENT LN
3609,9584 STATE RD
3610,9586 STATE RD
3611,9488 CONVENT LN
3612,9490 CONVENT LN
3613,9492 CONVENT LN
3614,9494 CONVENT LN
3615,9496 CONVENT LN
3616,5013 CONVENT LN
3617,9498 CONVENT LN
3618,9500 JAMES ST
3619,9502 JAMES ST
3620,9504 JAMES ST
3621,9506 JAMES ST
3622,9508 JAMES ST
3623,9510 JAMES ST
3624,5015 CONVENT LN
3625,5000 CONVENT LA
3626,9512 JAMES ST
3627,9514 JAMES ST
3628,9516 JAMES ST
3629,9518 JAMES ST
3630,9520 JAMES ST
3631,9522 JAMES ST
3632,9524 JAMES ST
3633,9526 JAMES ST
